match_id,tournament_id,bot_a,bot_a_name,bot_a_commit,bot_b,bot_b_name,bot_b_commit,map,map_set,seed,tle,kind,engine_winner,winner,score_a,win_condition,turns,resign_message,a_titanium,a_titanium_collected,a_units,a_buildings,b_titanium,b_titanium_collected,b_units,b_buildings,status,error,duration_s,host,lsf_job,finished_at
01144e43d14e0949,vidar-guard,tyr@daaf6b5,tyr,daaf6b5,vidar_guardgun@daaf6b5,vidar_guardgun,daaf6b5,showdown,official,1,0,rating,b,b,0.0,core_destroyed,122,,10,0,6,0,8,0,4,8,ok,,7.864,bob-a,,2026-08-04T23:30:47+0200
018bae941d37e2f6,vidar-guard,vidar_guardgun@daaf6b5,vidar_guardgun,daaf6b5,valkyrie@daaf6b5,valkyrie,daaf6b5,runestone,official,1,0,rating,a,a,1.0,core_destroyed,165,,227,1410,10,90,1019,1430,7,62,ok,,8.003,bob-a,,2026-08-04T23:34:58+0200
01eed340e5c76272,vidar-guard,vidar_guardgun@daaf6b5,vidar_guardgun,daaf6b5,prospect@daaf6b5,prospect,daaf6b5,twins,official,1,0,rating,b,b,0.0,core_destroyed,119,,8,300,10,21,51,560,5,26,ok,,5.611,bob-a,,2026-08-04T23:33:19+0200
050b2b42e4cc9972,vidar-guard,odin@daaf6b5,odin,daaf6b5,vidar_guardgun@daaf6b5,vidar_guardgun,daaf6b5,showdown,official,1,0,rating,a,a,1.0,core_destroyed,202,,4,0,6,7,10,0,4,7,ok,,5.286,bob-a,,2026-08-04T23:29:49+0200
05d63aaa14bb69dc,vidar-guard,ragnarok@daaf6b5,ragnarok,daaf6b5,vidar_guardgun@daaf6b5,vidar_guardgun,daaf6b5,twins,official,1,0,rating,a,a,1.0,core_destroyed,85,,38,360,7,21,10,140,8,7,ok,,7.909,bob-a,,2026-08-04T23:32:46+0200
05dfb6f2a2e12751,vidar-guard,vidar_guardgun@daaf6b5,vidar_guardgun,daaf6b5,prospect@daaf6b5,prospect,daaf6b5,quarry,official,1,0,rating,a,a,1.0,core_destroyed,90,,31,640,7,38,446,630,4,29,ok,,6.753,bob-a,,2026-08-04T23:33:08+0200
061a7c10cf11ebbb,vidar-guard,prospect@daaf6b5,prospect,daaf6b5,vidar_guardgun@daaf6b5,vidar_guardgun,daaf6b5,vase,official,1,0,rating,a,a,1.0,core_destroyed,961,,426,2360,16,7,9,360,1,9,ok,,25.837,bob-a,,2026-08-04T23:33:41+0200
0772b3ae161eb99c,vidar-guard,vidar_guardgun@daaf6b5,vidar_guardgun,daaf6b5,odin@daaf6b5,odin,daaf6b5,atoll,official,1,0,rating,a,a,1.0,core_destroyed,170,,77,1330,10,38,36,890,6,37,ok,,9.474,bob-a,,2026-08-04T23:29:35+0200
078ff34116ec4945,vidar-guard,odin@daaf6b5,odin,daaf6b5,vidar_guardgun@daaf6b5,vidar_guardgun,daaf6b5,aurora,official,1,0,rating,a,a,1.0,core_destroyed,182,,162,1270,9,42,279,1530,12,46,ok,,8.774,bob-a,,2026-08-04T23:29:34+0200
07cec15966dedf65,vidar-guard,vidar_guardgun@daaf6b5,vidar_guardgun,daaf6b5,vigil@daaf6b5,vigil,daaf6b5,vault,official,1,0,rating,a,a,1.0,core_destroyed,449,,185,2580,13,54,1564,2200,12,11,ok,,13.695,bob-a,,2026-08-04T23:32:05+0200
0855ed86981b3811,vidar-guard,vigil@daaf6b5,vigil,daaf6b5,vidar_guardgun@daaf6b5,vidar_guardgun,daaf6b5,longship,official,1,0,rating,b,b,0.0,core_destroyed,167,,911,1200,8,20,178,1190,7,44,ok,,7.897,bob-a,,2026-08-04T23:31:31+0200
0983596ebce14ea5,vidar-guard,vidar_guardgun@daaf6b5,vidar_guardgun,daaf6b5,prospect@daaf6b5,prospect,daaf6b5,duel,official,1,0,rating,a,a,1.0,core_destroyed,64,,18,150,7,8,134,370,7,16,ok,,4.475,bob-a,,2026-08-04T23:32:55+0200
0adc92c0a8715bb7,vidar-guard,vidar_guardgun@daaf6b5,vidar_guardgun,daaf6b5,prospect@daaf6b5,prospect,daaf6b5,strait,official,1,0,rating,b,b,0.0,core_destroyed,171,,65,480,11,23,729,1500,4,63,ok,,6.714,bob-a,,2026-08-04T23:33:15+0200
0c3befd7d766638d,vidar-guard,tyr@daaf6b5,tyr,daaf6b5,vidar_guardgun@daaf6b5,vidar_guardgun,daaf6b5,crossfire,official,1,0,rating,b,b,0.0,titanium_collected,1000,,4730,4900,7,25,6383,7860,5,26,ok,,17.311,bob-a,,2026-08-04T23:30:32+0200
0c4f4883045654b6,vidar-guard,steward@daaf6b5,steward,daaf6b5,vidar_guardgun@daaf6b5,vidar_guardgun,daaf6b5,showdown,official,1,0,rating,a,a,1.0,core_destroyed,89,,10,0,6,2,10,0,6,1,ok,,6.502,bob-a,,2026-08-04T23:34:25+0200
0c79d1deb83bb5fc,vidar-guard,tyr@daaf6b5,tyr,daaf6b5,vidar_guardgun@daaf6b5,vidar_guardgun,daaf6b5,string,official,1,0,rating,a,a,1.0,titanium_collected,1000,,5949,4930,4,15,1319,590,9,4,ok,,14.093,bob-a,,2026-08-04T23:31:02+0200
0c970b6df23621d8,vidar-guard,vidar_guardgun@daaf6b5,vidar_guardgun,daaf6b5,ragnarok@daaf6b5,ragnarok,daaf6b5,vase,official,1,0,rating,a,a,1.0,core_destroyed,116,,20,250,6,7,10,0,4,5,ok,,6.175,bob-a,,2026-08-04T23:32:45+0200
0cb20502b036db1c,vidar-guard,tyr@daaf6b5,tyr,daaf6b5,vidar_guardgun@daaf6b5,vidar_guardgun,daaf6b5,sprint,official,1,0,rating,a,draw,0.5,coinflip,1000,,16,0,8,5,16,0,6,2,ok,,9.873,bob-a,,2026-08-04T23:30:55+0200
0ce2df2cfa7ceadd,vidar-guard,pantheon_replica_day3@daaf6b5,pantheon_replica_day3,daaf6b5,vidar_guardgun@daaf6b5,vidar_guardgun,daaf6b5,jackpot,official,1,0,rating,b,b,0.0,core_destroyed,185,,56,900,4,35,20,860,9,12,ok,,5.768,bob-a,,2026-08-04T23:33:36+0200
0d49e53eb10095bd,vidar-guard,vidar_guardgun@daaf6b5,vidar_guardgun,daaf6b5,steward@daaf6b5,steward,daaf6b5,longship,official,1,0,rating,b,b,0.0,core_destroyed,185,,8,440,11,9,10,1460,8,72,ok,,13.084,bob-a,,2026-08-04T23:34:23+0200
0dc6d7fd1bbd04ac,vidar-guard,ragnarok@daaf6b5,ragnarok,daaf6b5,vidar_guardgun@daaf6b5,vidar_guardgun,daaf6b5,longship,official,1,0,rating,b,b,0.0,core_destroyed,161,,717,1470,7,51,89,1560,10,57,ok,,8.907,bob-a,,2026-08-04T23:32:25+0200
0e1ac90d0da3ad28,vidar-guard,tyr@daaf6b5,tyr,daaf6b5,vidar_guardgun@daaf6b5,vidar_guardgun,daaf6b5,atoll,official,1,0,rating,a,a,1.0,titanium_collected,1000,,8946,9470,7,38,5288,6080,8,67,ok,,16.108,bob-a,,2026-08-04T23:30:18+0200
0e8350d2b5462a69,vidar-guard,ragnarok@daaf6b5,ragnarok,daaf6b5,vidar_guardgun@daaf6b5,vidar_guardgun,daaf6b5,showdown,official,1,0,rating,a,a,1.0,core_destroyed,101,,9,0,5,1,10,0,3,9,ok,,3.851,bob-a,,2026-08-04T23:32:31+0200
102c96d447c9f69e,vidar-guard,vidar_guardgun@daaf6b5,vidar_guardgun,daaf6b5,ragnarok@daaf6b5,ragnarok,daaf6b5,showdown,official,1,0,rating,b,b,0.0,core_destroyed,193,,10,0,7,6,10,0,7,1,ok,,9.973,bob-a,,2026-08-04T23:32:36+0200
11567393bd1cee91,vidar-guard,vidar_guardgun@daaf6b5,vidar_guardgun,daaf6b5,steward@daaf6b5,steward,daaf6b5,hive,official,1,0,rating,b,b,0.0,titanium_stored,1000,,12,2480,9,24,19,2480,7,20,ok,,13.698,bob-a,,2026-08-04T23:34:20+0200
11610ed549df92e3,vidar-guard,valkyrie@daaf6b5,valkyrie,daaf6b5,vidar_guardgun@daaf6b5,vidar_guardgun,daaf6b5,strait,official,1,0,rating,b,b,0.0,core_destroyed,214,,1368,1780,8,64,21,870,9,45,ok,,6.22,bob-a,,2026-08-04T23:35:04+0200
116970cc5dad0070,vidar-guard,vigil@daaf6b5,vigil,daaf6b5,vidar_guardgun@daaf6b5,vidar_guardgun,daaf6b5,vault,official,1,0,rating,b,b,0.0,core_destroyed,118,,412,530,10,11,10,570,9,28,ok,,9.111,bob-a,,2026-08-04T23:32:03+0200
134bfbd69be162f2,vidar-guard,tyr@daaf6b5,tyr,daaf6b5,vidar_guardgun@daaf6b5,vidar_guardgun,daaf6b5,runestone,official,1,0,rating,b,b,0.0,titanium_collected,1000,,9281,8920,7,56,13859,14540,5,92,ok,,23.21,bob-a,,2026-08-04T23:30:55+0200
13d674dd074a78c7,vidar-guard,prospect@daaf6b5,prospect,daaf6b5,vidar_guardgun@daaf6b5,vidar_guardgun,daaf6b5,hive,official,1,0,rating,a,a,1.0,core_destroyed,62,,18,250,8,16,44,200,8,31,ok,,4.367,bob-a,,2026-08-04T23:32:59+0200
14338205dfb5417e,vidar-guard,vidar_guardgun@daaf6b5,vidar_guardgun,daaf6b5,odin@daaf6b5,odin,daaf6b5,string,official,1,0,rating,a,a,1.0,titanium_collected,1000,,10464,9570,5,22,7410,5320,0,12,ok,,12.23,bob-a,,2026-08-04T23:30:02+0200
14de3a28b6b53fdc,vidar-guard,vidar_guardgun@daaf6b5,vidar_guardgun,daaf6b5,steward@daaf6b5,steward,daaf6b5,strait,official,1,0,rating,b,b,0.0,core_destroyed,265,,39,1260,8,34,114,2530,10,65,ok,,17.825,bob-a,,2026-08-04T23:34:41+0200
15bbfbcc1b7e2040,vidar-guard,vidar_guardgun@daaf6b5,vidar_guardgun,daaf6b5,tyr@daaf6b5,tyr,daaf6b5,pinch,official,1,0,rating,b,b,0.0,titanium_collected,1000,,3591,3070,2,33,9455,9490,7,39,ok,,16.002,bob-a,,2026-08-04T23:30:44+0200
167e3f8b74a63838,vidar-guard,prospect@daaf6b5,prospect,daaf6b5,vidar_guardgun@daaf6b5,vidar_guardgun,daaf6b5,skerry,official,1,0,rating,b,b,0.0,core_destroyed,103,,372,730,5,33,10,460,8,19,ok,,7.537,bob-a,,2026-08-04T23:33:14+0200
16d91c6f5222c652,vidar-guard,pantheon_replica_day3@daaf6b5,pantheon_replica_day3,daaf6b5,vidar_guardgun@daaf6b5,vidar_guardgun,daaf6b5,string,official,1,0,rating,a,a,1.0,titanium_collected,1000,,5007,4900,9,6,1466,830,1,6,ok,,26.316,bob-a,,2026-08-04T23:34:12+0200
16e5a96dddf22ad2,vidar-guard,ragnarok@daaf6b5,ragnarok,daaf6b5,vidar_guardgun@daaf6b5,vidar_guardgun,daaf6b5,crossfire,official,1,0,rating,b,b,0.0,core_destroyed,145,,13,350,8,10,10,350,5,7,ok,,4.331,bob-a,,2026-08-04T23:32:08+0200
1788c0530a75ade5,vidar-guard,vidar_guardgun@daaf6b5,vidar_guardgun,daaf6b5,prospect@daaf6b5,prospect,daaf6b5,skerry,official,1,0,rating,a,a,1.0,titanium_collected,1000,,13152,13990,7,32,4231,4220,6,11,ok,,18.429,bob-a,,2026-08-04T23:33:25+0200
17bff506e8ff2de1,vidar-guard,vidar_guardgun@daaf6b5,vidar_guardgun,daaf6b5,valkyrie@daaf6b5,valkyrie,daaf6b5,sprint,official,1,0,rating,b,b,0.0,core_destroyed,129,,10,0,5,2,10,0,6,2,ok,,5.35,bob-a,,2026-08-04T23:34:59+0200
1a01caf5c138c0c3,vidar-guard,pantheon_replica_day3@daaf6b5,pantheon_replica_day3,daaf6b5,vidar_guardgun@daaf6b5,vidar_guardgun,daaf6b5,skerry,official,1,0,rating,a,a,1.0,core_destroyed,96,,35,670,5,43,10,260,5,17,ok,,5.52,bob-a,,2026-08-04T23:33:45+0200
1b7883456ede6f49,vidar-guard,vidar_guardgun@daaf6b5,vidar_guardgun,daaf6b5,valkyrie@daaf6b5,valkyrie,daaf6b5,hive,official,1,0,rating,b,b,0.0,titanium_stored,1000,,12,2480,9,24,19,2480,7,20,ok,,17.394,bob-a,,2026-08-04T23:34:59+0200
1c3aefd8a4cabc27,vidar-guard,vidar_guardgun@daaf6b5,vidar_guardgun,daaf6b5,vigil@daaf6b5,vigil,daaf6b5,sprint,official,1,0,rating,a,a,1.0,core_destroyed,737,,10,0,5,1,1109,0,6,2,ok,,5.893,bob-a,,2026-08-04T23:31:41+0200
1cb34d5eef4bef26,vidar-guard,vidar_guardgun@daaf6b5,vidar_guardgun,daaf6b5,valkyrie@daaf6b5,valkyrie,daaf6b5,aurora,official,1,0,rating,a,a,1.0,core_destroyed,147,,20,1280,12,48,699,1140,6,37,ok,,7.681,bob-a,,2026-08-04T23:34:43+0200
1e4d09559e737039,vidar-guard,tyr@daaf6b5,tyr,daaf6b5,vidar_guardgun@daaf6b5,vidar_guardgun,daaf6b5,hive,official,1,0,rating,a,a,1.0,core_destroyed,143,,97,800,8,62,40,660,7,54,ok,,6.558,bob-a,,2026-08-04T23:30:30+0200
1ec4831eda325e20,vidar-guard,odin@daaf6b5,odin,daaf6b5,vidar_guardgun@daaf6b5,vidar_guardgun,daaf6b5,hive,official,1,0,rating,b,b,0.0,core_destroyed,171,,46,1030,10,60,61,790,6,51,ok,,7.33,bob-a,,2026-08-04T23:29:33+0200
1f7d22425ec43fcb,vidar-guard,vidar_guardgun@daaf6b5,vidar_guardgun,daaf6b5,steward@daaf6b5,steward,daaf6b5,aurora,official,1,0,rating,a,a,1.0,core_destroyed,246,,18,2520,12,53,65,1910,6,31,ok,,16.911,bob-a,,2026-08-04T23:34:13+0200
20f8aeb02844f2e6,vidar-guard,vidar_guardgun@daaf6b5,vidar_guardgun,daaf6b5,tyr@daaf6b5,tyr,daaf6b5,duel,official,1,0,rating,b,b,0.0,core_destroyed,344,,267,1100,0,7,807,2950,16,41,ok,,16.3,bob-a,,2026-08-04T23:30:31+0200
2139d8edc9c3d44e,vidar-guard,vidar_guardgun@daaf6b5,vidar_guardgun,daaf6b5,valkyrie@daaf6b5,valkyrie,daaf6b5,bridge,official,1,0,rating,b,b,0.0,titanium_collected,1000,,3968,2450,4,10,7103,4850,3,18,ok,,12.338,bob-a,,2026-08-04T23:34:50+0200
21d05e6fd857a22b,vidar-guard,pantheon_replica_day3@daaf6b5,pantheon_replica_day3,daaf6b5,vidar_guardgun@daaf6b5,vidar_guardgun,daaf6b5,hive,official,1,0,rating,a,a,1.0,core_destroyed,82,,2,450,6,56,50,280,10,34,ok,,7.015,bob-a,,2026-08-04T23:33:36+0200
21f57671aabcb48b,vidar-guard,pantheon_replica_day3@daaf6b5,pantheon_replica_day3,daaf6b5,vidar_guardgun@daaf6b5,vidar_guardgun,daaf6b5,longship,official,1,0,rating,b,b,0.0,core_destroyed,110,,234,860,3,56,30,610,8,27,ok,,8.219,bob-a,,2026-08-04T23:33:39+0200
22120762ec4a313f,vidar-guard,vidar_guardgun@daaf6b5,vidar_guardgun,daaf6b5,ragnarok@daaf6b5,ragnarok,daaf6b5,crossfire,official,1,0,rating,a,a,1.0,core_destroyed,776,,85,2230,9,16,6521,6320,7,28,ok,,13.362,bob-a,,2026-08-04T23:32:16+0200
2558edf605a7a670,vidar-guard,vidar_guardgun@daaf6b5,vidar_guardgun,daaf6b5,ragnarok@daaf6b5,ragnarok,daaf6b5,sprint,official,1,0,rating,b,b,0.0,core_destroyed,129,,10,0,5,2,10,0,6,2,ok,,5.437,bob-a,,2026-08-04T23:32:36+0200
2605cdac9a0606d3,vidar-guard,ragnarok@daaf6b5,ragnarok,daaf6b5,vidar_guardgun@daaf6b5,vidar_guardgun,daaf6b5,duel,official,1,0,rating,a,a,1.0,core_destroyed,76,,36,340,5,10,28,330,6,13,ok,,3.706,bob-a,,2026-08-04T23:32:09+0200
2656d45ad65ea898,vidar-guard,vidar_guardgun@daaf6b5,vidar_guardgun,daaf6b5,vigil@daaf6b5,vigil,daaf6b5,bridge,official,1,0,rating,b,b,0.0,core_destroyed,112,,47,0,6,9,20,400,6,17,ok,,4.435,bob-a,,2026-08-04T23:31:09+0200
26d95477e7721e10,vidar-guard,vidar_guardgun@daaf6b5,vidar_guardgun,daaf6b5,vigil@daaf6b5,vigil,daaf6b5,quarry,official,1,0,rating,a,a,1.0,titanium_collected,1000,,16727,21420,11,123,5990,6150,7,17,ok,,99.533,bob-a,,2026-08-04T23:33:08+0200
27104f6ada3d7345,vidar-guard,vidar_guardgun@daaf6b5,vidar_guardgun,daaf6b5,valkyrie@daaf6b5,valkyrie,daaf6b5,showdown,official,1,0,rating,b,b,0.0,core_destroyed,201,,10,0,7,4,9,0,8,2,ok,,7.064,bob-a,,2026-08-04T23:34:59+0200
2766cb1dbedee5da,vidar-guard,vidar_guardgun@daaf6b5,vidar_guardgun,daaf6b5,vigil@daaf6b5,vigil,daaf6b5,aurora,official,1,0,rating,a,a,1.0,core_destroyed,120,,49,920,11,44,542,680,8,33,ok,,7.322,bob-a,,2026-08-04T23:31:10+0200
294d2efef8800bf6,vidar-guard,ragnarok@daaf6b5,ragnarok,daaf6b5,vidar_guardgun@daaf6b5,vidar_guardgun,daaf6b5,pinch,official,1,0,rating,b,b,0.0,core_destroyed,306,,58,760,5,9,230,3790,14,58,ok,,11.294,bob-a,,2026-08-04T23:32:28+0200
295e46ffb91b709b,vidar-guard,prospect@daaf6b5,prospect,daaf6b5,vidar_guardgun@daaf6b5,vidar_guardgun,daaf6b5,duel,official,1,0,rating,b,b,0.0,core_destroyed,102,,132,460,5,8,9,330,6,6,ok,,5.361,bob-a,,2026-08-04T23:32:58+0200
2ca51187905d777c,vidar-guard,vidar_guardgun@daaf6b5,vidar_guardgun,daaf6b5,ragnarok@daaf6b5,ragnarok,daaf6b5,aurora,official,1,0,rating,a,a,1.0,core_destroyed,147,,20,1280,12,48,699,1140,6,37,ok,,9.676,bob-a,,2026-08-04T23:32:08+0200
2d798d3d3cb8a0c6,vidar-guard,vidar_guardgun@daaf6b5,vidar_guardgun,daaf6b5,ragnarok@daaf6b5,ragnarok,daaf6b5,fjord,official,1,0,rating,a,a,1.0,core_destroyed,134,,65,1220,9,79,687,940,9,44,ok,,11.53,bob-a,,2026-08-04T23:32:19+0200
30c0d82a7ef60d18,vidar-guard,vigil@daaf6b5,vigil,daaf6b5,vidar_guardgun@daaf6b5,vidar_guardgun,daaf6b5,quarry,official,1,0,rating,b,b,0.0,core_destroyed,187,,805,1110,7,16,20,850,10,30,ok,,6.606,bob-a,,2026-08-04T23:31:35+0200
3125fb5ac797a5dc,vidar-guard,vigil@daaf6b5,vigil,daaf6b5,vidar_guardgun@daaf6b5,vidar_guardgun,daaf6b5,sweden,official,1,0,rating,b,b,0.0,titanium_collected,1000,,2597,550,5,38,3429,2290,8,26,ok,,15.311,bob-a,,2026-08-04T23:32:00+0200
317a74f6ea173ae2,vidar-guard,valkyrie@daaf6b5,valkyrie,daaf6b5,vidar_guardgun@daaf6b5,vidar_guardgun,daaf6b5,pinch,official,1,0,rating,b,b,0.0,core_destroyed,306,,58,760,5,9,230,3790,14,58,ok,,15.15,bob-a,,2026-08-04T23:35:00+0200
3285426a5c36e179,vidar-guard,pantheon_replica_day3@daaf6b5,pantheon_replica_day3,daaf6b5,vidar_guardgun@daaf6b5,vidar_guardgun,daaf6b5,vault,official,1,0,rating,b,b,0.0,core_destroyed,94,,186,530,2,55,32,430,10,12,ok,,11.246,bob-a,,2026-08-04T23:34:07+0200
339a76657657e292,vidar-guard,vigil@daaf6b5,vigil,daaf6b5,vidar_guardgun@daaf6b5,vidar_guardgun,daaf6b5,vase,official,1,0,rating,a,a,1.0,titanium_stored,1000,,4739,2460,5,7,3978,2460,5,7,ok,,8.193,bob-a,,2026-08-04T23:32:00+0200
34beae89a7c5a14b,vidar-guard,ragnarok@daaf6b5,ragnarok,daaf6b5,vidar_guardgun@daaf6b5,vidar_guardgun,daaf6b5,vase,official,1,0,rating,b,b,0.0,core_destroyed,179,,7,400,3,16,8,410,7,7,ok,,5.081,bob-a,,2026-08-04T23:32:44+0200
352a0399eacf7020,vidar-guard,steward@daaf6b5,steward,daaf6b5,vidar_guardgun@daaf6b5,vidar_guardgun,daaf6b5,bridge,official,1,0,rating,a,a,1.0,core_destroyed,205,,10,770,5,11,10,0,6,2,ok,,12.158,bob-a,,2026-08-04T23:34:12+0200
35a9fa0b7d063e0e,vidar-guard,valkyrie@daaf6b5,valkyrie,daaf6b5,vidar_guardgun@daaf6b5,vidar_guardgun,daaf6b5,hive,official,1,0,rating,b,b,0.0,core_destroyed,170,,85,920,8,72,60,1210,12,46,ok,,9.831,bob-a,,2026-08-04T23:34:52+0200
35c2b3f692408309,vidar-guard,ragnarok@daaf6b5,ragnarok,daaf6b5,vidar_guardgun@daaf6b5,vidar_guardgun,daaf6b5,bridge,official,1,0,rating,a,a,1.0,core_destroyed,702,,295,740,10,11,123,0,2,8,ok,,14.8,bob-a,,2026-08-04T23:32:15+0200
376dc5e19004652b,vidar-guard,vidar_guardgun@daaf6b5,vidar_guardgun,daaf6b5,tyr@daaf6b5,tyr,daaf6b5,hive,official,1,0,rating,a,a,1.0,titanium_collected,1000,,16609,19950,7,142,5739,6390,5,90,ok,,22.317,bob-a,,2026-08-04T23:30:44+0200
381e2fc418f54181,vidar-guard,vigil@daaf6b5,vigil,daaf6b5,vidar_guardgun@daaf6b5,vidar_guardgun,daaf6b5,duel,official,1,0,rating,a,a,1.0,core_destroyed,72,,52,320,4,7,20,310,5,10,ok,,7.308,bob-a,,2026-08-04T23:31:23+0200
38c06e14c91d1668,vidar-guard,vidar_guardgun@daaf6b5,vidar_guardgun,daaf6b5,prospect@daaf6b5,prospect,daaf6b5,bridge,official,1,0,rating,b,b,0.0,titanium_collected,1000,,2491,2430,3,18,6758,7260,10,18,ok,,25.687,bob-a,,2026-08-04T23:33:12+0200
3a422ae9f1389561,vidar-guard,vidar_guardgun@daaf6b5,vidar_guardgun,daaf6b5,prospect@daaf6b5,prospect,daaf6b5,fjord,official,1,0,rating,a,a,1.0,core_destroyed,126,,27,930,10,40,566,860,8,26,ok,,8.482,bob-a,,2026-08-04T23:33:01+0200
3af5225228c2c027,vidar-guard,valkyrie@daaf6b5,valkyrie,daaf6b5,vidar_guardgun@daaf6b5,vidar_guardgun,daaf6b5,jackpot,official,1,0,rating,a,a,1.0,titanium_collected,1000,,2900,4900,13,19,766,2540,9,18,ok,,37.002,bob-a,,2026-08-04T23:35:20+0200
3b276f58296e5a8a,vidar-guard,vidar_guardgun@daaf6b5,vidar_guardgun,daaf6b5,ragnarok@daaf6b5,ragnarok,daaf6b5,duel,official,1,0,rating,a,a,1.0,core_destroyed,115,,9,280,8,6,263,530,6,10,ok,,5.008,bob-a,,2026-08-04T23:32:09+0200
3b2c832e68afcdac,vidar-guard,ragnarok@daaf6b5,ragnarok,daaf6b5,vidar_guardgun@daaf6b5,vidar_guardgun,daaf6b5,jackpot,official,1,0,rating,a,a,1.0,titanium_collected,1000,,2900,4900,13,19,766,2540,9,18,ok,,36.987,bob-a,,2026-08-04T23:32:47+0200
3ce7a3af2ce5f65e,vidar-guard,vidar_guardgun@daaf6b5,vidar_guardgun,daaf6b5,steward@daaf6b5,steward,daaf6b5,crossfire,official,1,0,rating,b,b,0.0,core_destroyed,344,,10,840,8,6,29,1670,7,11,ok,,6.503,bob-a,,2026-08-04T23:34:07+0200
3e4e284f3d8ade4b,vidar-guard,vidar_guardgun@daaf6b5,vidar_guardgun,daaf6b5,valkyrie@daaf6b5,valkyrie,daaf6b5,pinch,official,1,0,rating,a,a,1.0,core_destroyed,166,,16,530,8,21,1134,1600,7,52,ok,,9.126,bob-a,,2026-08-04T23:34:54+0200
3ea59fb16a43f036,vidar-guard,vidar_guardgun@daaf6b5,vidar_guardgun,daaf6b5,vigil@daaf6b5,vigil,daaf6b5,string,official,1,0,rating,b,b,0.0,titanium_collected,1000,,6191,4950,4,16,11583,9760,4,16,ok,,10.085,bob-a,,2026-08-04T23:31:51+0200
3ebfc0d1c4eeea7d,vidar-guard,vidar_guardgun@daaf6b5,vidar_guardgun,daaf6b5,ragnarok@daaf6b5,ragnarok,daaf6b5,vault,official,1,0,rating,a,a,1.0,core_destroyed,123,,10,560,9,33,154,660,7,38,ok,,6.069,bob-a,,2026-08-04T23:32:46+0200
3ecec9972a0b1993,vidar-guard,tyr@daaf6b5,tyr,daaf6b5,vidar_guardgun@daaf6b5,vidar_guardgun,daaf6b5,vault,official,1,0,rating,b,b,0.0,titanium_collected,1000,,2767,3130,12,60,9373,10880,5,91,ok,,24.735,bob-a,,2026-08-04T23:31:22+0200
401fb0425064a179,vidar-guard,valkyrie@daaf6b5,valkyrie,daaf6b5,vidar_guardgun@daaf6b5,vidar_guardgun,daaf6b5,longship,official,1,0,rating,b,b,0.0,core_destroyed,161,,717,1470,7,51,89,1560,10,57,ok,,8.61,bob-a,,2026-08-04T23:34:53+0200
40c2e5322a3a4993,vidar-guard,tyr@daaf6b5,tyr,daaf6b5,vidar_guardgun@daaf6b5,vidar_guardgun,daaf6b5,sweden,official,1,0,rating,a,a,1.0,titanium_collected,1000,,4509,4740,4,20,108,730,12,26,ok,,38.209,bob-a,,2026-08-04T23:31:29+0200
4229aa9df79dcf18,vidar-guard,valkyrie@daaf6b5,valkyrie,daaf6b5,vidar_guardgun@daaf6b5,vidar_guardgun,daaf6b5,vase,official,1,0,rating,b,b,0.0,core_destroyed,179,,7,400,3,16,8,410,7,7,ok,,7.709,bob-a,,2026-08-04T23:35:10+0200
42a51140e502c4e2,vidar-guard,pantheon_replica_day3@daaf6b5,pantheon_replica_day3,daaf6b5,vidar_guardgun@daaf6b5,vidar_guardgun,daaf6b5,sweden,official,1,0,rating,a,a,1.0,harvesters,1000,,1821,0,5,19,917,0,9,20,ok,,48.83,bob-a,,2026-08-04T23:34:37+0200
43d88010e4dd90d2,vidar-guard,vidar_guardgun@daaf6b5,vidar_guardgun,daaf6b5,ragnarok@daaf6b5,ragnarok,daaf6b5,longship,official,1,0,rating,b,b,0.0,core_destroyed,257,,10,620,11,9,632,1630,8,45,ok,,10.093,bob-a,,2026-08-04T23:32:25+0200
442bf56acf0c74f8,vidar-guard,vidar_guardgun@daaf6b5,vidar_guardgun,daaf6b5,valkyrie@daaf6b5,valkyrie,daaf6b5,sweden,official,1,0,rating,a,a,1.0,titanium_collected,1000,,9754,9650,5,31,6930,4890,2,9,ok,,17.367,bob-a,,2026-08-04T23:35:17+0200
44b4342fe43e16ed,vidar-guard,odin@daaf6b5,odin,daaf6b5,vidar_guardgun@daaf6b5,vidar_guardgun,daaf6b5,strait,official,1,0,rating,b,b,0.0,core_destroyed,208,,43,460,12,24,1025,2590,9,60,ok,,9.932,bob-a,,2026-08-04T23:29:59+0200
45b0f23ad2d2bc06,vidar-guard,odin@daaf6b5,odin,daaf6b5,vidar_guardgun@daaf6b5,vidar_guardgun,daaf6b5,pinch,official,1,0,rating,b,b,0.0,core_destroyed,435,,746,870,0,7,211,3920,24,35,ok,,18.782,bob-a,,2026-08-04T23:29:54+0200
463ccc85fa9e3129,vidar-guard,pantheon_replica_day3@daaf6b5,pantheon_replica_day3,daaf6b5,vidar_guardgun@daaf6b5,vidar_guardgun,daaf6b5,showdown,official,1,0,rating,b,b,0.0,core_destroyed,337,,10,0,6,5,9,0,7,1,ok,,10.221,bob-a,,2026-08-04T23:33:47+0200
4720bff2faa8a53e,vidar-guard,vigil@daaf6b5,vigil,daaf6b5,vidar_guardgun@daaf6b5,vidar_guardgun,daaf6b5,atoll,official,1,0,rating,b,b,0.0,core_destroyed,123,,560,560,6,10,10,560,8,21,ok,,5.594,bob-a,,2026-08-04T23:31:03+0200
48e3dca38fd7e87b,vidar-guard,vidar_guardgun@daaf6b5,vidar_guardgun,daaf6b5,pantheon_replica_day3@daaf6b5,pantheon_replica_day3,daaf6b5,runestone,official,1,0,rating,a,a,1.0,titanium_collected,1000,,20,2470,11,24,13,0,4,10,ok,,25.428,bob-a,,2026-08-04T23:34:02+0200
4b23e3f3e3c12b45,vidar-guard,odin@daaf6b5,odin,daaf6b5,vidar_guardgun@daaf6b5,vidar_guardgun,daaf6b5,sprint,official,1,0,rating,b,b,0.0,core_destroyed,138,,25,0,4,0,10,0,3,1,ok,,7.596,bob-a,,2026-08-04T23:29:56+0200
4bcba0f99f6ebdef,vidar-guard,steward@daaf6b5,steward,daaf6b5,vidar_guardgun@daaf6b5,vidar_guardgun,daaf6b5,aurora,official,1,0,rating,b,b,0.0,core_destroyed,119,,129,1000,11,52,31,760,9,39,ok,,8.86,bob-a,,2026-08-04T23:34:06+0200
4c2996f749580bda,vidar-guard,vigil@daaf6b5,vigil,daaf6b5,vidar_guardgun@daaf6b5,vidar_guardgun,daaf6b5,string,official,1,0,rating,a,a,1.0,titanium_collected,1000,,9621,7370,5,15,6430,4950,3,12,ok,,14.766,bob-a,,2026-08-04T23:31:57+0200
4c5073195335ab49,vidar-guard,odin@daaf6b5,odin,daaf6b5,vidar_guardgun@daaf6b5,vidar_guardgun,daaf6b5,jackpot,official,1,0,rating,b,b,0.0,titanium_collected,1000,,3184,1810,4,7,8270,9560,14,31,ok,,23.418,bob-a,,2026-08-04T23:29:55+0200
4d6b43cd88a35b67,vidar-guard,vidar_guardgun@daaf6b5,vidar_guardgun,daaf6b5,ragnarok@daaf6b5,ragnarok,daaf6b5,string,official,1,0,rating,a,a,1.0,core_destroyed,106,,45,480,6,15,600,470,3,8,ok,,6.503,bob-a,,2026-08-04T23:32:41+0200
4e3de9f6dc47cf4b,vidar-guard,odin@daaf6b5,odin,daaf6b5,vidar_guardgun@daaf6b5,vidar_guardgun,daaf6b5,longship,official,1,0,rating,a,a,1.0,core_destroyed,96,,28,570,10,30,64,500,10,28,ok,,6.895,bob-a,,2026-08-04T23:29:41+0200
4e6f8d88681e62c4,vidar-guard,vidar_guardgun@daaf6b5,vidar_guardgun,daaf6b5,vigil@daaf6b5,vigil,daaf6b5,pinch,official,1,0,rating,a,a,1.0,core_destroyed,291,,80,1640,11,26,1507,1800,8,13,ok,,11.081,bob-a,,2026-08-04T23:31:37+0200
51330bb866d81d8f,vidar-guard,valkyrie@daaf6b5,valkyrie,daaf6b5,vidar_guardgun@daaf6b5,vidar_guardgun,daaf6b5,showdown,official,1,0,rating,a,a,1.0,core_destroyed,81,,10,0,6,2,10,0,6,2,ok,,3.845,bob-a,,2026-08-04T23:34:57+0200
51e25e23d76e60a9,vidar-guard,odin@daaf6b5,odin,daaf6b5,vidar_guardgun@daaf6b5,vidar_guardgun,daaf6b5,vase,official,1,0,rating,a,a,1.0,titanium_stored,1000,,4689,2460,3,11,3863,2460,5,7,ok,,17.409,bob-a,,2026-08-04T23:30:14+0200
52093e2b3a7ef097,vidar-guard,vidar_guardgun@daaf6b5,vidar_guardgun,daaf6b5,prospect@daaf6b5,prospect,daaf6b5,runestone,official,1,0,rating,a,a,1.0,core_destroyed,203,,316,1790,14,71,1363,1710,7,56,ok,,7.877,bob-a,,2026-08-04T23:33:12+0200
5246e63a0abd69a3,vidar-guard,vidar_guardgun@daaf6b5,vidar_guardgun,daaf6b5,steward@daaf6b5,steward,daaf6b5,fjord,official,1,0,rating,b,b,0.0,core_destroyed,167,,32,1220,10,45,50,1140,10,23,ok,,12.396,bob-a,,2026-08-04T23:34:17+0200
5305b714b04d802b,vidar-guard,vidar_guardgun@daaf6b5,vidar_guardgun,daaf6b5,odin@daaf6b5,odin,daaf6b5,pinch,official,1,0,rating,b,b,0.0,core_destroyed,178,,101,410,6,18,318,1170,6,33,ok,,7.86,bob-a,,2026-08-04T23:29:42+0200
532b39f39fdcf48f,vidar-guard,vidar_guardgun@daaf6b5,vidar_guardgun,daaf6b5,prospect@daaf6b5,prospect,daaf6b5,hive,official,1,0,rating,b,b,0.0,core_destroyed,66,,16,220,8,36,10,260,8,25,ok,,3.276,bob-a,,2026-08-04T23:32:58+0200
53dcbc03f3817aa8,vidar-guard,vidar_guardgun@daaf6b5,vidar_guardgun,daaf6b5,valkyrie@daaf6b5,valkyrie,daaf6b5,jackpot,official,1,0,rating,b,b,0.0,core_destroyed,527,,60,2720,6,33,11,2330,6,9,ok,,25.771,bob-a,,2026-08-04T23:35:09+0200
548422c2267e2d45,vidar-guard,steward@daaf6b5,steward,daaf6b5,vidar_guardgun@daaf6b5,vidar_guardgun,daaf6b5,longship,official,1,0,rating,b,b,0.0,core_destroyed,162,,0,1540,11,47,41,1260,9,46,ok,,11.694,bob-a,,2026-08-04T23:34:24+0200
54f443cb2c9122f3,vidar-guard,vidar_guardgun@daaf6b5,vidar_guardgun,daaf6b5,steward@daaf6b5,steward,daaf6b5,sprint,official,1,0,rating,b,b,0.0,core_destroyed,129,,10,0,5,2,10,0,6,2,ok,,5.921,bob-a,,2026-08-04T23:34:29+0200
564f75003894b995,vidar-guard,vigil@daaf6b5,vigil,daaf6b5,vidar_guardgun@daaf6b5,vidar_guardgun,daaf6b5,jackpot,official,1,0,rating,b,b,0.0,core_destroyed,99,,165,410,9,9,10,230,6,22,ok,,6.029,bob-a,,2026-08-04T23:31:28+0200
57b41ac2661b3b95,vidar-guard,vidar_guardgun@daaf6b5,vidar_guardgun,daaf6b5,prospect@daaf6b5,prospect,daaf6b5,string,official,1,0,rating,b,b,0.0,titanium_collected,1000,,3115,2580,8,5,5356,4070,2,7,ok,,15.284,bob-a,,2026-08-04T23:33:27+0200
5af4a1aed025150c,vidar-guard,vigil@daaf6b5,vigil,daaf6b5,vidar_guardgun@daaf6b5,vidar_guardgun,daaf6b5,twins,official,1,0,rating,a,a,1.0,core_destroyed,87,,12,200,7,8,3,50,8,7,ok,,5.775,bob-a,,2026-08-04T23:31:53+0200
5bbf7be8abd94eea,vidar-guard,vidar_guardgun@daaf6b5,vidar_guardgun,daaf6b5,valkyrie@daaf6b5,valkyrie,daaf6b5,string,official,1,0,rating,a,a,1.0,core_destroyed,106,,45,480,6,15,600,470,3,8,ok,,3.904,bob-a,,2026-08-04T23:35:02+0200
5c5410e9f8c8711b,vidar-guard,vidar_guardgun@daaf6b5,vidar_guardgun,daaf6b5,tyr@daaf6b5,tyr,daaf6b5,atoll,official,1,0,rating,a,a,1.0,titanium_collected,1000,,13098,12830,6,39,1971,1270,8,15,ok,,12.118,bob-a,,2026-08-04T23:30:14+0200
5dbb1823cdcf7673,vidar-guard,vidar_guardgun@daaf6b5,vidar_guardgun,daaf6b5,pantheon_replica_day3@daaf6b5,pantheon_replica_day3,daaf6b5,sprint,official,1,0,rating,b,b,0.0,core_destroyed,421,,42,50,2,5,299,1080,10,30,ok,,5.865,bob-a,,2026-08-04T23:33:46+0200
5e9f136cb32283d9,vidar-guard,vidar_guardgun@daaf6b5,vidar_guardgun,daaf6b5,pantheon_replica_day3@daaf6b5,pantheon_replica_day3,daaf6b5,crossfire,official,1,0,rating,b,b,0.0,core_destroyed,109,,10,260,8,3,9,250,5,13,ok,,4.974,bob-a,,2026-08-04T23:33:29+0200
5f153ecc121bc108,vidar-guard,valkyrie@daaf6b5,valkyrie,daaf6b5,vidar_guardgun@daaf6b5,vidar_guardgun,daaf6b5,bridge,official,1,0,rating,a,a,1.0,core_destroyed,702,,295,740,10,11,123,0,2,8,ok,,14.698,bob-a,,2026-08-04T23:34:53+0200
5fd6d6392d41fb63,vidar-guard,valkyrie@daaf6b5,valkyrie,daaf6b5,vidar_guardgun@daaf6b5,vidar_guardgun,daaf6b5,runestone,official,1,0,rating,b,b,0.0,core_destroyed,194,,1680,2240,8,60,128,1320,10,67,ok,,6.464,bob-a,,2026-08-04T23:34:57+0200
606de3393f912cdc,vidar-guard,vidar_guardgun@daaf6b5,vidar_guardgun,daaf6b5,steward@daaf6b5,steward,daaf6b5,vase,official,1,0,rating,a,a,1.0,core_destroyed,116,,20,250,6,7,10,0,4,5,ok,,8.106,bob-a,,2026-08-04T23:34:38+0200
6151aef024cadd4f,vidar-guard,pantheon_replica_day3@daaf6b5,pantheon_replica_day3,daaf6b5,vidar_guardgun@daaf6b5,vidar_guardgun,daaf6b5,sprint,official,1,0,rating,a,a,1.0,core_destroyed,520,,121,900,11,30,20,0,3,0,ok,,9.509,bob-a,,2026-08-04T23:33:50+0200
62e0879df9239c6f,vidar-guard,pantheon_replica_day3@daaf6b5,pantheon_replica_day3,daaf6b5,vidar_guardgun@daaf6b5,vidar_guardgun,daaf6b5,pinch,official,1,0,rating,b,b,0.0,core_destroyed,108,,254,530,2,46,42,290,7,18,ok,,4.175,bob-a,,2026-08-04T23:33:37+0200
6346ea0bf445a49e,vidar-guard,ragnarok@daaf6b5,ragnarok,daaf6b5,vidar_guardgun@daaf6b5,vidar_guardgun,daaf6b5,vault,official,1,0,rating,b,b,0.0,titanium_collected,1000,,1594,2920,3,4,6472,9510,15,66,ok,,116.864,bob-a,,2026-08-04T23:34:38+0200
637290a0a2fbeebc,vidar-guard,vidar_guardgun@daaf6b5,vidar_guardgun,daaf6b5,ragnarok@daaf6b5,ragnarok,daaf6b5,strait,official,1,0,rating,a,a,1.0,core_destroyed,205,,8,980,9,56,1316,1800,7,57,ok,,7.41,bob-a,,2026-08-04T23:32:39+0200
639a4c91defa93b6,vidar-guard,pantheon_replica_day3@daaf6b5,pantheon_replica_day3,daaf6b5,vidar_guardgun@daaf6b5,vidar_guardgun,daaf6b5,runestone,official,1,0,rating,b,b,0.0,titanium_collected,1000,,10,0,7,16,20,2460,11,26,ok,,20.662,bob-a,,2026-08-04T23:33:58+0200
64448c40fcc1f4be,vidar-guard,vidar_guardgun@daaf6b5,vidar_guardgun,daaf6b5,odin@daaf6b5,odin,daaf6b5,showdown,official,1,0,rating,a,a,1.0,core_destroyed,157,,10,0,4,9,10,0,7,0,ok,,5.608,bob-a,,2026-08-04T23:29:48+0200
645547c583030765,vidar-guard,ragnarok@daaf6b5,ragnarok,daaf6b5,vidar_guardgun@daaf6b5,vidar_guardgun,daaf6b5,aurora,official,1,0,rating,b,b,0.0,core_destroyed,119,,440,1000,8,52,46,760,9,39,ok,,8.644,bob-a,,2026-08-04T23:32:07+0200
649d746234f9c11c,vidar-guard,vidar_guardgun@daaf6b5,vidar_guardgun,daaf6b5,odin@daaf6b5,odin,daaf6b5,bridge,official,1,0,rating,a,a,1.0,titanium_collected,1000,,7692,7270,5,19,7621,5730,3,14,ok,,13.79,bob-a,,2026-08-04T23:29:39+0200
6558283ebd36d3e7,vidar-guard,vidar_guardgun@daaf6b5,vidar_guardgun,daaf6b5,tyr@daaf6b5,tyr,daaf6b5,jackpot,official,1,0,rating,a,a,1.0,titanium_collected,1000,,7029,7250,9,31,6506,5790,5,23,ok,,24.555,bob-a,,2026-08-04T23:30:48+0200
6632f8a932ca9b91,vidar-guard,vidar_guardgun@daaf6b5,vidar_guardgun,daaf6b5,pantheon_replica_day3@daaf6b5,pantheon_replica_day3,daaf6b5,pinch,official,1,0,rating,a,a,1.0,core_destroyed,105,,39,290,7,14,408,630,2,53,ok,,7.582,bob-a,,2026-08-04T23:33:40+0200
66a05eb6fc2606da,vidar-guard,steward@daaf6b5,steward,daaf6b5,vidar_guardgun@daaf6b5,vidar_guardgun,daaf6b5,fjord,official,1,0,rating,a,a,1.0,core_destroyed,224,,125,2410,13,48,46,1680,8,73,ok,,9.49,bob-a,,2026-08-04T23:34:16+0200
67fbe09a1ad87712,vidar-guard,vidar_guardgun@daaf6b5,vidar_guardgun,daaf6b5,vigil@daaf6b5,vigil,daaf6b5,showdown,official,1,0,rating,a,draw,0.5,coinflip,1000,,20,0,5,9,20,0,7,8,ok,,10.677,bob-a,,2026-08-04T23:31:40+0200
69414943bf0c9cbd,vidar-guard,vidar_guardgun@daaf6b5,vidar_guardgun,daaf6b5,tyr@daaf6b5,tyr,daaf6b5,crossfire,official,1,0,rating,b,b,0.0,titanium_collected,1000,,3504,2490,7,22,5974,4820,5,20,ok,,11.867,bob-a,,2026-08-04T23:30:26+0200
699d658e3eda77d0,vidar-guard,prospect@daaf6b5,prospect,daaf6b5,vidar_guardgun@daaf6b5,vidar_guardgun,daaf6b5,quarry,official,1,0,rating,a,a,1.0,core_destroyed,93,,48,660,9,33,10,360,5,31,ok,,8.371,bob-a,,2026-08-04T23:33:10+0200
69bf5a6434b58036,vidar-guard,vidar_guardgun@daaf6b5,vidar_guardgun,daaf6b5,prospect@daaf6b5,prospect,daaf6b5,jackpot,official,1,0,rating,a,a,1.0,core_destroyed,194,,10,860,8,20,242,650,8,7,ok,,7.927,bob-a,,2026-08-04T23:33:03+0200
6a0f9406b1deba41,vidar-guard,steward@daaf6b5,steward,daaf6b5,vidar_guardgun@daaf6b5,vidar_guardgun,daaf6b5,vase,official,1,0,rating,b,b,0.0,core_destroyed,179,,7,400,3,16,8,410,7,7,ok,,7.488,bob-a,,2026-08-04T23:34:37+0200
6b04d52e88037efb,vidar-guard,valkyrie@daaf6b5,valkyrie,daaf6b5,vidar_guardgun@daaf6b5,vidar_guardgun,daaf6b5,fjord,official,1,0,rating,b,b,0.0,core_destroyed,258,,1794,2110,7,38,164,2260,13,94,ok,,7.887,bob-a,,2026-08-04T23:34:48+0200
6bbad2234c174d1b,vidar-guard,vidar_guardgun@daaf6b5,vidar_guardgun,daaf6b5,ragnarok@daaf6b5,ragnarok,daaf6b5,sweden,official,1,0,rating,a,a,1.0,titanium_collected,1000,,9754,9650,5,31,6930,4890,2,9,ok,,30.181,bob-a,,2026-08-04T23:33:06+0200
6bc8141193e7586d,vidar-guard,ragnarok@daaf6b5,ragnarok,daaf6b5,vidar_guardgun@daaf6b5,vidar_guardgun,daaf6b5,fjord,official,1,0,rating,b,b,0.0,core_destroyed,160,,1080,1650,8,55,142,1110,7,71,ok,,7.698,bob-a,,2026-08-04T23:32:16+0200
6c22f170cc48ecb9,vidar-guard,valkyrie@daaf6b5,valkyrie,daaf6b5,vidar_guardgun@daaf6b5,vidar_guardgun,daaf6b5,sweden,official,1,0,rating,b,b,0.0,core_destroyed,732,,4489,3360,5,24,10,0,9,25,ok,,19.854,bob-a,,2026-08-04T23:35:20+0200
6c2b069f2b749147,vidar-guard,vigil@daaf6b5,vigil,daaf6b5,vidar_guardgun@daaf6b5,vidar_guardgun,daaf6b5,pinch,official,1,0,rating,b,b,0.0,core_destroyed,391,,537,690,4,0,881,5260,17,60,ok,,16.388,bob-a,,2026-08-04T23:31:44+0200
6c3cfa041f26f736,vidar-guard,vidar_guardgun@daaf6b5,vidar_guardgun,daaf6b5,pantheon_replica_day3@daaf6b5,pantheon_replica_day3,daaf6b5,strait,official,1,0,rating,b,b,0.0,core_destroyed,114,,10,260,9,18,60,710,2,51,ok,,7.917,bob-a,,2026-08-04T23:33:48+0200
6c474cc16394ee2d,vidar-guard,vidar_guardgun@daaf6b5,vidar_guardgun,daaf6b5,valkyrie@daaf6b5,valkyrie,daaf6b5,twins,official,1,0,rating,a,a,1.0,core_destroyed,358,,18,2100,11,40,2488,3340,5,57,ok,,13.507,bob-a,,2026-08-04T23:35:13+0200
6d0c63075dfb2130,vidar-guard,vidar_guardgun@daaf6b5,vidar_guardgun,daaf6b5,odin@daaf6b5,odin,daaf6b5,aurora,official,1,0,rating,a,a,1.0,titanium_collected,1000,,15794,16230,3,75,11323,11980,9,72,ok,,19.646,bob-a,,2026-08-04T23:29:45+0200
6df1e0557174a390,vidar-guard,vidar_guardgun@daaf6b5,vidar_guardgun,daaf6b5,steward@daaf6b5,steward,daaf6b5,jackpot,official,1,0,rating,a,a,1.0,core_destroyed,204,,51,1310,9,29,37,940,6,20,ok,,8.919,bob-a,,2026-08-04T23:34:16+0200
6dfbc9cf656c0d6b,vidar-guard,vidar_guardgun@daaf6b5,vidar_guardgun,daaf6b5,vigil@daaf6b5,vigil,daaf6b5,crossfire,official,1,0,rating,a,a,1.0,core_destroyed,477,,62,2820,18,29,1794,1970,2,2,ok,,19.217,bob-a,,2026-08-04T23:31:28+0200
71243f1aa89485a5,vidar-guard,vidar_guardgun@daaf6b5,vidar_guardgun,daaf6b5,odin@daaf6b5,odin,daaf6b5,vault,official,1,0,rating,a,a,1.0,titanium_collected,1000,,10710,11030,8,67,5055,4960,3,15,ok,,16.666,bob-a,,2026-08-04T23:30:14+0200
74687e4e3a7d9fcd,vidar-guard,vidar_guardgun@daaf6b5,vidar_guardgun,daaf6b5,pantheon_replica_day3@daaf6b5,pantheon_replica_day3,daaf6b5,duel,official,1,0,rating,a,a,1.0,core_destroyed,66,,26,160,7,5,52,140,4,18,ok,,5.036,bob-a,,2026-08-04T23:33:30+0200
75364ca60e32d3d5,vidar-guard,vidar_guardgun@daaf6b5,vidar_guardgun,daaf6b5,odin@daaf6b5,odin,daaf6b5,hive,official,1,0,rating,a,a,1.0,core_destroyed,138,,4,580,9,42,36,580,6,50,ok,,6.064,bob-a,,2026-08-04T23:29:31+0200
7604a4fbb4f99e96,vidar-guard,tyr@daaf6b5,tyr,daaf6b5,vidar_guardgun@daaf6b5,vidar_guardgun,daaf6b5,duel,official,1,0,rating,b,b,0.0,core_destroyed,174,,58,430,9,6,146,860,3,23,ok,,4.44,bob-a,,2026-08-04T23:30:23+0200
766a061b56e7bcdd,vidar-guard,vidar_guardgun@daaf6b5,vidar_guardgun,daaf6b5,valkyrie@daaf6b5,valkyrie,daaf6b5,duel,official,1,0,rating,a,a,1.0,core_destroyed,115,,9,280,8,6,263,530,6,10,ok,,4.968,bob-a,,2026-08-04T23:34:44+0200
76e4e24e4f90dd28,vidar-guard,vidar_guardgun@daaf6b5,vidar_guardgun,daaf6b5,ragnarok@daaf6b5,ragnarok,daaf6b5,runestone,official,1,0,rating,a,a,1.0,titanium_collected,1000,,18667,20100,11,82,10162,9400,5,51,ok,,27.211,bob-a,,2026-08-04T23:32:50+0200
782d271df79270cb,vidar-guard,steward@daaf6b5,steward,daaf6b5,vidar_guardgun@daaf6b5,vidar_guardgun,daaf6b5,quarry,official,1,0,rating,b,b,0.0,core_destroyed,163,,9,900,8,40,77,1410,9,49,ok,,9.334,bob-a,,2026-08-04T23:34:25+0200
785384900d3ecc16,vidar-guard,vidar_guardgun@daaf6b5,vidar_guardgun,daaf6b5,pantheon_replica_day3@daaf6b5,pantheon_replica_day3,daaf6b5,showdown,official,1,0,rating,a,a,1.0,core_destroyed,693,,9,0,5,1,10,0,7,22,ok,,11.86,bob-a,,2026-08-04T23:33:49+0200
78689812dbcbbb12,vidar-guard,vidar_guardgun@daaf6b5,vidar_guardgun,daaf6b5,valkyrie@daaf6b5,valkyrie,daaf6b5,crossfire,official,1,0,rating,b,b,0.0,core_destroyed,344,,10,840,8,6,29,1670,7,11,ok,,5.399,bob-a,,2026-08-04T23:34:44+0200
78781a6fa78b552c,vidar-guard,vidar_guardgun@daaf6b5,vidar_guardgun,daaf6b5,pantheon_replica_day3@daaf6b5,pantheon_replica_day3,daaf6b5,atoll,official,1,0,rating,a,a,1.0,core_destroyed,258,,8,800,9,6,942,2500,4,73,ok,,7.514,bob-a,,2026-08-04T23:33:24+0200
793627462ff43922,vidar-guard,valkyrie@daaf6b5,valkyrie,daaf6b5,vidar_guardgun@daaf6b5,vidar_guardgun,daaf6b5,twins,official,1,0,rating,a,a,1.0,core_destroyed,85,,38,360,7,21,10,140,8,7,ok,,3.933,bob-a,,2026-08-04T23:35:04+0200
793b8da7e4488d0a,vidar-guard,vidar_guardgun@daaf6b5,vidar_guardgun,daaf6b5,vigil@daaf6b5,vigil,daaf6b5,skerry,official,1,0,rating,a,a,1.0,core_destroyed,241,,185,1840,14,26,804,1680,7,13,ok,,10.996,bob-a,,2026-08-04T23:31:42+0200
796a40d2aec03913,vidar-guard,steward@daaf6b5,steward,daaf6b5,vidar_guardgun@daaf6b5,vidar_guardgun,daaf6b5,runestone,official,1,0,rating,b,b,0.0,core_destroyed,227,,105,2990,13,72,37,1630,10,52,ok,,15.63,bob-a,,2026-08-04T23:34:32+0200
79f7f8b0f5958bbf,vidar-guard,vidar_guardgun@daaf6b5,vidar_guardgun,daaf6b5,tyr@daaf6b5,tyr,daaf6b5,twins,official,1,0,rating,b,b,0.0,titanium_collected,1000,,6751,6760,6,39,8035,9620,10,53,ok,,29.72,bob-a,,2026-08-04T23:31:21+0200
7a2028b719cb8701,vidar-guard,vidar_guardgun@daaf6b5,vidar_guardgun,daaf6b5,tyr@daaf6b5,tyr,daaf6b5,bridge,official,1,0,rating,a,a,1.0,titanium_collected,1000,,7731,7270,7,17,7345,5730,4,16,ok,,18.062,bob-a,,2026-08-04T23:30:24+0200
7a9c9b1f6907df47,vidar-guard,ragnarok@daaf6b5,ragnarok,daaf6b5,vidar_guardgun@daaf6b5,vidar_guardgun,daaf6b5,sweden,official,1,0,rating,b,b,0.0,core_destroyed,732,,4489,3360,5,24,10,0,9,25,ok,,25.649,bob-a,,2026-08-04T23:33:02+0200
7ab73933a1a54424,vidar-guard,vidar_guardgun@daaf6b5,vidar_guardgun,daaf6b5,tyr@daaf6b5,tyr,daaf6b5,quarry,official,1,0,rating,a,a,1.0,core_destroyed,102,,45,750,7,34,59,790,7,48,ok,,8.009,bob-a,,2026-08-04T23:30:37+0200
81a1ce0e0fff36ac,vidar-guard,vigil@daaf6b5,vigil,daaf6b5,vidar_guardgun@daaf6b5,vidar_guardgun,daaf6b5,bridge,official,1,0,rating,b,b,0.0,core_destroyed,356,,520,520,9,3,20,840,12,9,ok,,14.651,bob-a,,2026-08-04T23:31:21+0200
81b84968557b60e7,vidar-guard,vidar_guardgun@daaf6b5,vidar_guardgun,daaf6b5,steward@daaf6b5,steward,daaf6b5,skerry,official,1,0,rating,a,a,1.0,titanium_collected,1000,,2086,11590,12,53,3027,9700,8,64,ok,,37.591,bob-a,,2026-08-04T23:34:58+0200
83208558f798ede5,vidar-guard,vidar_guardgun@daaf6b5,vidar_guardgun,daaf6b5,valkyrie@daaf6b5,valkyrie,daaf6b5,vault,official,1,0,rating,a,a,1.0,core_destroyed,221,,10,1060,11,47,274,1040,6,77,ok,,8.362,bob-a,,2026-08-04T23:35:11+0200
83ee67bc8bfdec20,vidar-guard,valkyrie@daaf6b5,valkyrie,daaf6b5,vidar_guardgun@daaf6b5,vidar_guardgun,daaf6b5,crossfire,official,1,0,rating,b,b,0.0,core_destroyed,145,,13,350,8,10,10,350,5,7,ok,,4.567,bob-a,,2026-08-04T23:34:43+0200
845973e675f310f7,vidar-guard,vidar_guardgun@daaf6b5,vidar_guardgun,daaf6b5,ragnarok@daaf6b5,ragnarok,daaf6b5,atoll,official,1,0,rating,a,a,1.0,core_destroyed,91,,36,400,8,27,339,510,6,33,ok,,7.758,bob-a,,2026-08-04T23:32:03+0200
859613d56922beba,vidar-guard,odin@daaf6b5,odin,daaf6b5,vidar_guardgun@daaf6b5,vidar_guardgun,daaf6b5,runestone,official,1,0,rating,b,b,0.0,core_destroyed,121,,9,270,8,25,9,270,6,23,ok,,4.069,bob-a,,2026-08-04T23:29:45+0200
85bd37acc7d2e4c5,vidar-guard,vidar_guardgun@daaf6b5,vidar_guardgun,daaf6b5,vigil@daaf6b5,vigil,daaf6b5,hive,official,1,0,rating,a,a,1.0,titanium_collected,1000,,11558,13220,11,78,2784,2580,6,5,ok,,25.587,bob-a,,2026-08-04T23:31:47+0200
85cf08a84f3b0f5d,vidar-guard,steward@daaf6b5,steward,daaf6b5,vidar_guardgun@daaf6b5,vidar_guardgun,daaf6b5,string,official,1,0,rating,a,a,1.0,core_destroyed,69,,17,290,7,10,9,180,7,6,ok,,4.983,bob-a,,2026-08-04T23:34:30+0200
861a5d1ed59c6fef,vidar-guard,prospect@daaf6b5,prospect,daaf6b5,vidar_guardgun@daaf6b5,vidar_guardgun,daaf6b5,fjord,official,1,0,rating,b,b,0.0,core_destroyed,115,,565,760,8,9,10,530,8,30,ok,,6.742,bob-a,,2026-08-04T23:33:00+0200
86be257e0bf762e3,vidar-guard,vidar_guardgun@daaf6b5,vidar_guardgun,daaf6b5,pantheon_replica_day3@daaf6b5,pantheon_replica_day3,daaf6b5,hive,official,1,0,rating,b,b,0.0,core_destroyed,83,,27,210,8,20,10,290,6,29,ok,,4.73,bob-a,,2026-08-04T23:33:34+0200
870d73b5ab3f0a8a,vidar-guard,vigil@daaf6b5,vigil,daaf6b5,vidar_guardgun@daaf6b5,vidar_guardgun,daaf6b5,fjord,official,1,0,rating,a,a,1.0,core_destroyed,432,,20,1490,3,9,1310,6280,25,69,ok,,29.14,bob-a,,2026-08-04T23:31:47+0200
87f7ded57c07f521,vidar-guard,vidar_guardgun@daaf6b5,vidar_guardgun,daaf6b5,pantheon_replica_day3@daaf6b5,pantheon_replica_day3,daaf6b5,string,official,1,0,rating,a,a,1.0,titanium_collected,1000,,6733,7380,7,18,46,300,1,11,ok,,28.055,bob-a,,2026-08-04T23:34:13+0200
8b2551351bc1e69c,vidar-guard,vidar_guardgun@daaf6b5,vidar_guardgun,daaf6b5,tyr@daaf6b5,tyr,daaf6b5,runestone,official,1,0,rating,a,a,1.0,titanium_collected,1000,,13012,15350,9,82,6362,6100,3,34,ok,,25.215,bob-a,,2026-08-04T23:30:57+0200
8c561135cd902293,vidar-guard,pantheon_replica_day3@daaf6b5,pantheon_replica_day3,daaf6b5,vidar_guardgun@daaf6b5,vidar_guardgun,daaf6b5,bridge,official,1,0,rating,a,a,1.0,core_destroyed,124,,42,340,3,23,48,0,9,7,ok,,6.885,bob-a,,2026-08-04T23:33:30+0200
8cf53bb66577dd3d,vidar-guard,vidar_guardgun@daaf6b5,vidar_guardgun,daaf6b5,pantheon_replica_day3@daaf6b5,pantheon_replica_day3,daaf6b5,longship,official,1,0,rating,a,a,1.0,core_destroyed,89,,9,380,10,19,10,190,4,19,ok,,6.346,bob-a,,2026-08-04T23:33:37+0200
8d80ba210cfbdc71,vidar-guard,vidar_guardgun@daaf6b5,vidar_guardgun,daaf6b5,pantheon_replica_day3@daaf6b5,pantheon_replica_day3,daaf6b5,skerry,official,1,0,rating,a,a,1.0,core_destroyed,82,,46,380,8,9,10,530,5,40,ok,,6.193,bob-a,,2026-08-04T23:33:45+0200
8dc80a5e4e62cb72,vidar-guard,vidar_guardgun@daaf6b5,vidar_guardgun,daaf6b5,odin@daaf6b5,odin,daaf6b5,quarry,official,1,0,rating,a,a,1.0,core_destroyed,105,,64,780,10,35,57,830,5,48,ok,,6.01,bob-a,,2026-08-04T23:29:45+0200
8dcdea8cc60a50d7,vidar-guard,vidar_guardgun@daaf6b5,vidar_guardgun,daaf6b5,vigil@daaf6b5,vigil,daaf6b5,jackpot,official,1,0,rating,a,a,1.0,core_destroyed,236,,139,1110,9,15,756,670,4,7,ok,,8.855,bob-a,,2026-08-04T23:31:31+0200
8e222f53b1114c1b,vidar-guard,odin@daaf6b5,odin,daaf6b5,vidar_guardgun@daaf6b5,vidar_guardgun,daaf6b5,sweden,official,1,0,rating,a,a,1.0,titanium_collected,1000,,11263,9650,2,32,10305,9550,8,29,ok,,9.133,bob-a,,2026-08-04T23:30:03+0200
8f2738970a72770d,vidar-guard,tyr@daaf6b5,tyr,daaf6b5,vidar_guardgun@daaf6b5,vidar_guardgun,daaf6b5,pinch,official,1,0,rating,b,b,0.0,titanium_collected,1000,,6531,5690,2,29,9217,9720,14,31,ok,,18.806,bob-a,,2026-08-04T23:30:48+0200
90e7a810c4e6ee3b,vidar-guard,pantheon_replica_day3@daaf6b5,pantheon_replica_day3,daaf6b5,vidar_guardgun@daaf6b5,vidar_guardgun,daaf6b5,fjord,official,1,0,rating,a,a,1.0,core_destroyed,64,,30,410,5,37,33,270,8,12,ok,,4.747,bob-a,,2026-08-04T23:33:32+0200
913333a4718d0d3e,vidar-guard,odin@daaf6b5,odin,daaf6b5,vidar_guardgun@daaf6b5,vidar_guardgun,daaf6b5,duel,official,1,0,rating,b,b,0.0,titanium_collected,1000,,3996,2610,4,13,5796,4960,5,12,ok,,13.278,bob-a,,2026-08-04T23:29:38+0200
919604be1d2bd03f,vidar-guard,vidar_guardgun@daaf6b5,vidar_guardgun,daaf6b5,odin@daaf6b5,odin,daaf6b5,crossfire,official,1,0,rating,a,a,1.0,core_destroyed,705,,301,3470,16,21,632,2200,5,2,ok,,26.325,bob-a,,2026-08-04T23:29:52+0200
921c0906c1bf93a6,vidar-guard,vidar_guardgun@daaf6b5,vidar_guardgun,daaf6b5,ragnarok@daaf6b5,ragnarok,daaf6b5,twins,official,1,0,rating,a,a,1.0,core_destroyed,225,,98,1760,11,62,1043,1640,4,87,ok,,11.052,bob-a,,2026-08-04T23:32:47+0200
92587526bc944e06,vidar-guard,pantheon_replica_day3@daaf6b5,pantheon_replica_day3,daaf6b5,vidar_guardgun@daaf6b5,vidar_guardgun,daaf6b5,vase,official,1,0,rating,b,b,0.0,core_destroyed,76,,85,130,7,12,33,150,6,7,ok,,4.918,bob-a,,2026-08-04T23:33:55+0200
92ceb192163f7095,vidar-guard,vidar_guardgun@daaf6b5,vidar_guardgun,daaf6b5,pantheon_replica_day3@daaf6b5,pantheon_replica_day3,daaf6b5,aurora,official,1,0,rating,a,a,1.0,core_destroyed,92,,29,480,7,36,110,610,2,65,ok,,5.116,bob-a,,2026-08-04T23:33:25+0200
94deb6b619c9b015,vidar-guard,vidar_guardgun@daaf6b5,vidar_guardgun,daaf6b5,steward@daaf6b5,steward,daaf6b5,vault,official,1,0,rating,a,a,1.0,core_destroyed,224,,41,1070,10,32,46,680,7,39,ok,,8.214,bob-a,,2026-08-04T23:34:39+0200
95b5882f89279198,vidar-guard,tyr@daaf6b5,tyr,daaf6b5,vidar_guardgun@daaf6b5,vidar_guardgun,daaf6b5,jackpot,official,1,0,rating,b,b,0.0,titanium_collected,1000,,4585,4100,4,16,3870,5260,13,32,ok,,26.627,bob-a,,2026-08-04T23:30:51+0200
973b2b5a9dc2fde6,vidar-guard,tyr@daaf6b5,tyr,daaf6b5,vidar_guardgun@daaf6b5,vidar_guardgun,daaf6b5,longship,official,1,0,rating,a,a,1.0,titanium_collected,1000,,11513,14030,13,73,11031,13920,6,72,ok,,23.507,bob-a,,2026-08-04T23:30:50+0200
99249669c4cf73f5,vidar-guard,vidar_guardgun@daaf6b5,vidar_guardgun,daaf6b5,odin@daaf6b5,odin,daaf6b5,sweden,official,1,0,rating,a,a,1.0,titanium_collected,1000,,8936,9650,5,31,8069,7330,5,19,ok,,27.959,bob-a,,2026-08-04T23:30:20+0200
99b2d320d3824204,vidar-guard,prospect@daaf6b5,prospect,daaf6b5,vidar_guardgun@daaf6b5,vidar_guardgun,daaf6b5,bridge,official,1,0,rating,a,a,1.0,titanium_collected,1000,,4783,2950,5,11,1063,0,9,8,ok,,11.458,bob-a,,2026-08-04T23:32:59+0200
99fefc5ce6c25108,vidar-guard,vidar_guardgun@daaf6b5,vidar_guardgun,daaf6b5,ragnarok@daaf6b5,ragnarok,daaf6b5,quarry,official,1,0,rating,a,a,1.0,core_destroyed,278,,10,1490,7,71,2401,4050,7,106,ok,,11.122,bob-a,,2026-08-04T23:32:30+0200
9cb93f0da4cdb7ce,vidar-guard,vidar_guardgun@daaf6b5,vidar_guardgun,daaf6b5,pantheon_replica_day3@daaf6b5,pantheon_replica_day3,daaf6b5,sweden,official,1,0,rating,a,a,1.0,core_destroyed,278,,10,0,8,9,401,700,4,26,ok,,13.256,bob-a,,2026-08-04T23:34:00+0200
9d4262422dc6231e,vidar-guard,vidar_guardgun@daaf6b5,vidar_guardgun,daaf6b5,tyr@daaf6b5,tyr,daaf6b5,longship,official,1,0,rating,a,a,1.0,titanium_collected,1000,,15019,17600,6,99,10677,11700,6,141,ok,,25.935,bob-a,,2026-08-04T23:30:50+0200
9ef34223e11882bd,vidar-guard,odin@daaf6b5,odin,daaf6b5,vidar_guardgun@daaf6b5,vidar_guardgun,daaf6b5,quarry,official,1,0,rating,a,a,1.0,core_destroyed,114,,28,880,10,34,29,590,6,38,ok,,8.447,bob-a,,2026-08-04T23:29:48+0200
9fe0cfc99da5dbc0,vidar-guard,vidar_guardgun@daaf6b5,vidar_guardgun,daaf6b5,prospect@daaf6b5,prospect,daaf6b5,atoll,official,1,0,rating,a,a,1.0,core_destroyed,82,,0,360,8,26,243,350,6,17,ok,,5.957,bob-a,,2026-08-04T23:32:47+0200
a0130520e5c1c805,vidar-guard,ragnarok@daaf6b5,ragnarok,daaf6b5,vidar_guardgun@daaf6b5,vidar_guardgun,daaf6b5,hive,official,1,0,rating,b,b,0.0,core_destroyed,170,,85,920,8,72,60,1210,12,46,ok,,7.359,bob-a,,2026-08-04T23:32:16+0200
a14bdd03af86db2e,vidar-guard,vidar_guardgun@daaf6b5,vidar_guardgun,daaf6b5,valkyrie@daaf6b5,valkyrie,daaf6b5,atoll,official,1,0,rating,a,a,1.0,core_destroyed,91,,36,400,8,27,339,510,6,33,ok,,6.378,bob-a,,2026-08-04T23:34:39+0200
a18c9832de226b52,vidar-guard,steward@daaf6b5,steward,daaf6b5,vidar_guardgun@daaf6b5,vidar_guardgun,daaf6b5,duel,official,1,0,rating,a,a,1.0,core_destroyed,85,,7,380,7,9,9,380,5,27,ok,,4.665,bob-a,,2026-08-04T23:34:08+0200
a1ff5b30429c5822,vidar-guard,valkyrie@daaf6b5,valkyrie,daaf6b5,vidar_guardgun@daaf6b5,vidar_guardgun,daaf6b5,skerry,official,1,0,rating,b,b,0.0,core_destroyed,171,,967,1740,9,51,478,1180,7,41,ok,,8.427,bob-a,,2026-08-04T23:35:02+0200
a27c14807276a5b4,vidar-guard,vidar_guardgun@daaf6b5,vidar_guardgun,daaf6b5,valkyrie@daaf6b5,valkyrie,daaf6b5,longship,official,1,0,rating,b,b,0.0,core_destroyed,257,,10,620,11,9,632,1630,8,45,ok,,9.646,bob-a,,2026-08-04T23:34:54+0200
a2a3cde4870c1c0c,vidar-guard,vidar_guardgun@daaf6b5,vidar_guardgun,daaf6b5,valkyrie@daaf6b5,valkyrie,daaf6b5,skerry,official,1,0,rating,b,b,0.0,core_destroyed,955,,6178,12530,16,89,3204,8990,7,56,ok,,39.95,bob-a,,2026-08-04T23:35:33+0200
a2c0555675450cba,vidar-guard,vidar_guardgun@daaf6b5,vidar_guardgun,daaf6b5,pantheon_replica_day3@daaf6b5,pantheon_replica_day3,daaf6b5,vase,official,1,0,rating,a,a,1.0,titanium_collected,1000,,3696,2460,4,7,4031,2450,8,15,ok,,26.698,bob-a,,2026-08-04T23:34:16+0200
a34ebbcbde5bb6ca,vidar-guard,steward@daaf6b5,steward,daaf6b5,vidar_guardgun@daaf6b5,vidar_guardgun,daaf6b5,strait,official,1,0,rating,a,a,1.0,core_destroyed,138,,11,990,10,36,6,260,7,17,ok,,10.875,bob-a,,2026-08-04T23:34:35+0200
a3a5543802e35f09,vidar-guard,valkyrie@daaf6b5,valkyrie,daaf6b5,vidar_guardgun@daaf6b5,vidar_guardgun,daaf6b5,atoll,official,1,0,rating,b,b,0.0,core_destroyed,63,,99,280,6,28,10,260,8,11,ok,,4.279,bob-a,,2026-08-04T23:34:38+0200
a3a71dea3b1f6359,vidar-guard,vidar_guardgun@daaf6b5,vidar_guardgun,daaf6b5,pantheon_replica_day3@daaf6b5,pantheon_replica_day3,daaf6b5,quarry,official,1,0,rating,a,a,1.0,core_destroyed,107,,77,640,9,23,19,650,3,42,ok,,6.372,bob-a,,2026-08-04T23:33:40+0200
a483c95687dbab31,vidar-guard,vidar_guardgun@daaf6b5,vidar_guardgun,daaf6b5,vigil@daaf6b5,vigil,daaf6b5,fjord,official,1,0,rating,a,a,1.0,core_destroyed,190,,115,2100,10,93,1162,1330,9,13,ok,,8.614,bob-a,,2026-08-04T23:31:26+0200
a60c7dcb974adf16,vidar-guard,vidar_guardgun@daaf6b5,vidar_guardgun,daaf6b5,pantheon_replica_day3@daaf6b5,pantheon_replica_day3,daaf6b5,bridge,official,1,0,rating,a,a,1.0,titanium_collected,1000,,9699,9170,7,24,2084,0,3,7,ok,,17.348,bob-a,,2026-08-04T23:33:40+0200
a704c5a812501221,vidar-guard,vidar_guardgun@daaf6b5,vidar_guardgun,daaf6b5,valkyrie@daaf6b5,valkyrie,daaf6b5,fjord,official,1,0,rating,a,a,1.0,core_destroyed,209,,96,1760,9,63,1094,1500,8,22,ok,,9.876,bob-a,,2026-08-04T23:34:49+0200
a71ad73592fb12c7,vidar-guard,vidar_guardgun@daaf6b5,vidar_guardgun,daaf6b5,steward@daaf6b5,steward,daaf6b5,twins,official,1,0,rating,b,b,0.0,core_destroyed,173,,40,540,7,13,61,1300,8,67,ok,,10.274,bob-a,,2026-08-04T23:34:40+0200
a788f0683706fd55,vidar-guard,vidar_guardgun@daaf6b5,vidar_guardgun,daaf6b5,prospect@daaf6b5,prospect,daaf6b5,showdown,official,1,0,rating,b,b,0.0,titanium_stored,1000,,14,0,5,11,16,0,7,7,ok,,9.128,bob-a,,2026-08-04T23:33:13+0200
a80e8ef6dced7ebb,vidar-guard,odin@daaf6b5,odin,daaf6b5,vidar_guardgun@daaf6b5,vidar_guardgun,daaf6b5,atoll,official,1,0,rating,a,a,1.0,titanium_collected,1000,,11605,10830,4,50,6104,6090,13,80,ok,,31.649,bob-a,,2026-08-04T23:29:57+0200
a8472bc74793e898,vidar-guard,vidar_guardgun@daaf6b5,vidar_guardgun,daaf6b5,odin@daaf6b5,odin,daaf6b5,twins,official,1,0,rating,b,b,0.0,core_destroyed,112,,16,260,8,27,20,500,6,17,ok,,11.025,bob-a,,2026-08-04T23:30:06+0200
aa4ace9adf34ed8d,vidar-guard,valkyrie@daaf6b5,valkyrie,daaf6b5,vidar_guardgun@daaf6b5,vidar_guardgun,daaf6b5,string,official,1,0,rating,a,a,1.0,core_destroyed,69,,17,290,7,10,9,180,7,6,ok,,3.67,bob-a,,2026-08-04T23:35:02+0200
ab70ff99585edc2c,vidar-guard,vidar_guardgun@daaf6b5,vidar_guardgun,daaf6b5,pantheon_replica_day3@daaf6b5,pantheon_replica_day3,daaf6b5,fjord,official,1,0,rating,a,a,1.0,core_destroyed,118,,32,620,8,33,813,1280,1,55,ok,,10.199,bob-a,,2026-08-04T23:33:37+0200
abb5823d90420858,vidar-guard,vidar_guardgun@daaf6b5,vidar_guardgun,daaf6b5,steward@daaf6b5,steward,daaf6b5,atoll,official,1,0,rating,a,a,1.0,core_destroyed,94,,10,420,8,15,30,450,9,27,ok,,4.882,bob-a,,2026-08-04T23:34:00+0200
abf15619335eecf6,vidar-guard,prospect@daaf6b5,prospect,daaf6b5,vidar_guardgun@daaf6b5,vidar_guardgun,daaf6b5,showdown,official,1,0,rating,b,b,0.0,titanium_stored,1000,,10,0,7,20,18,0,6,9,ok,,11.598,bob-a,,2026-08-04T23:33:16+0200
ac088a62120b57a7,vidar-guard,vidar_guardgun@daaf6b5,vidar_guardgun,daaf6b5,prospect@daaf6b5,prospect,daaf6b5,sweden,official,1,0,rating,a,a,1.0,core_destroyed,233,,8,460,6,18,30,950,8,46,ok,,7.761,bob-a,,2026-08-04T23:33:20+0200
acc4c58bc7c48916,vidar-guard,vidar_guardgun@daaf6b5,vidar_guardgun,daaf6b5,steward@daaf6b5,steward,daaf6b5,string,official,1,0,rating,b,b,0.0,core_destroyed,149,,60,310,0,2,38,990,8,11,ok,,5.509,bob-a,,2026-08-04T23:34:30+0200
ad1683e645324798,vidar-guard,vidar_guardgun@daaf6b5,vidar_guardgun,daaf6b5,vigil@daaf6b5,vigil,daaf6b5,strait,official,1,0,rating,a,a,1.0,core_destroyed,195,,20,1010,12,60,961,1180,8,26,ok,,10.179,bob-a,,2026-08-04T23:31:48+0200
ad4a9cc35f62d002,vidar-guard,vidar_guardgun@daaf6b5,vidar_guardgun,daaf6b5,vigil@daaf6b5,vigil,daaf6b5,atoll,official,1,0,rating,a,a,1.0,core_destroyed,162,,10,760,8,29,641,750,9,8,ok,,6.73,bob-a,,2026-08-04T23:31:04+0200
ad9b9271357a2a01,vidar-guard,vidar_guardgun@daaf6b5,vidar_guardgun,daaf6b5,odin@daaf6b5,odin,daaf6b5,jackpot,official,1,0,rating,b,b,0.0,core_destroyed,250,,1025,1230,8,16,1174,2070,8,32,ok,,11.569,bob-a,,2026-08-04T23:29:43+0200
ae06560026b519cf,vidar-guard,vidar_guardgun@daaf6b5,vidar_guardgun,daaf6b5,pantheon_replica_day3@daaf6b5,pantheon_replica_day3,daaf6b5,jackpot,official,1,0,rating,a,a,1.0,core_destroyed,131,,1,570,10,14,692,760,2,29,ok,,9.254,bob-a,,2026-08-04T23:33:39+0200
ae0c8f8cb72bffd1,vidar-guard,vidar_guardgun@daaf6b5,vidar_guardgun,daaf6b5,prospect@daaf6b5,prospect,daaf6b5,vault,official,1,0,rating,b,b,0.0,titanium_collected,1000,,47,2490,10,67,4119,7510,8,87,ok,,41.403,bob-a,,2026-08-04T23:33:57+0200
ae98a2b220f00fd9,vidar-guard,odin@daaf6b5,odin,daaf6b5,vidar_guardgun@daaf6b5,vidar_guardgun,daaf6b5,twins,official,1,0,rating,b,b,0.0,titanium_collected,1000,,9816,9420,4,71,10529,11500,13,56,ok,,28.501,bob-a,,2026-08-04T23:30:24+0200
af1fe5ef7372e6fe,vidar-guard,ragnarok@daaf6b5,ragnarok,daaf6b5,vidar_guardgun@daaf6b5,vidar_guardgun,daaf6b5,quarry,official,1,0,rating,a,a,1.0,titanium_collected,1000,,20050,20700,8,180,13108,13690,14,102,ok,,104.153,bob-a,,2026-08-04T23:34:03+0200
b24068e516cdc768,vidar-guard,tyr@daaf6b5,tyr,daaf6b5,vidar_guardgun@daaf6b5,vidar_guardgun,daaf6b5,vase,official,1,0,rating,a,a,1.0,titanium_stored,1000,,4717,2460,3,11,3897,2460,5,7,ok,,14.953,bob-a,,2026-08-04T23:31:10+0200
b5653d0d8e268a02,vidar-guard,vidar_guardgun@daaf6b5,vidar_guardgun,daaf6b5,odin@daaf6b5,odin,daaf6b5,skerry,official,1,0,rating,a,a,1.0,core_destroyed,616,,5982,10720,10,142,1782,2890,6,6,ok,,20.677,bob-a,,2026-08-04T23:30:06+0200
b5f218c7b371c353,vidar-guard,vidar_guardgun@daaf6b5,vidar_guardgun,daaf6b5,prospect@daaf6b5,prospect,daaf6b5,longship,official,1,0,rating,a,a,1.0,core_destroyed,151,,10,680,8,51,867,1420,8,36,ok,,5.072,bob-a,,2026-08-04T23:33:03+0200
b6617073a5c8a291,vidar-guard,ragnarok@daaf6b5,ragnarok,daaf6b5,vidar_guardgun@daaf6b5,vidar_guardgun,daaf6b5,strait,official,1,0,rating,b,b,0.0,core_destroyed,214,,1368,1780,8,64,21,870,9,45,ok,,8.143,bob-a,,2026-08-04T23:32:41+0200
b6bdd04aa8061ba9,vidar-guard,vidar_guardgun@daaf6b5,vidar_guardgun,daaf6b5,odin@daaf6b5,odin,daaf6b5,longship,official,1,0,rating,a,a,1.0,titanium_collected,1000,,13553,15590,16,99,11381,11400,5,50,ok,,21.342,bob-a,,2026-08-04T23:29:54+0200
b6ee2153ba08bd3c,vidar-guard,vidar_guardgun@daaf6b5,vidar_guardgun,daaf6b5,tyr@daaf6b5,tyr,daaf6b5,sprint,official,1,0,rating,b,b,0.0,core_destroyed,301,,10,0,4,0,9,0,7,1,ok,,7.226,bob-a,,2026-08-04T23:30:51+0200
b8405140904b8966,vidar-guard,tyr@daaf6b5,tyr,daaf6b5,vidar_guardgun@daaf6b5,vidar_guardgun,daaf6b5,bridge,official,1,0,rating,b,b,0.0,titanium_collected,1000,,9045,7270,4,16,10173,9550,7,20,ok,,11.409,bob-a,,2026-08-04T23:30:21+0200
b9af637f3647df21,vidar-guard,steward@daaf6b5,steward,daaf6b5,vidar_guardgun@daaf6b5,vidar_guardgun,daaf6b5,atoll,official,1,0,rating,b,b,0.0,core_destroyed,82,,60,340,7,10,18,360,7,8,ok,,4.648,bob-a,,2026-08-04T23:34:01+0200
ba40fe27aefb149d,vidar-guard,steward@daaf6b5,steward,daaf6b5,vidar_guardgun@daaf6b5,vidar_guardgun,daaf6b5,pinch,official,1,0,rating,b,b,0.0,core_destroyed,303,,59,830,3,11,68,2160,11,50,ok,,15.731,bob-a,,2026-08-04T23:34:29+0200
bb93785e94ccf842,vidar-guard,valkyrie@daaf6b5,valkyrie,daaf6b5,vidar_guardgun@daaf6b5,vidar_guardgun,daaf6b5,vault,official,1,0,rating,b,b,0.0,core_destroyed,161,,463,740,8,43,378,1130,8,29,ok,,9.627,bob-a,,2026-08-04T23:35:12+0200
bc31a6063ceaa5ca,vidar-guard,vidar_guardgun@daaf6b5,vidar_guardgun,daaf6b5,prospect@daaf6b5,prospect,daaf6b5,aurora,official,1,0,rating,b,b,0.0,core_destroyed,103,,10,430,10,19,93,530,8,25,ok,,7.022,bob-a,,2026-08-04T23:32:52+0200
bc496133b5f0c7cc,vidar-guard,prospect@daaf6b5,prospect,daaf6b5,vidar_guardgun@daaf6b5,vidar_guardgun,daaf6b5,aurora,official,1,0,rating,b,b,0.0,core_destroyed,239,,7,200,6,8,72,1270,12,43,ok,,9.265,bob-a,,2026-08-04T23:32:55+0200
bd0e6f2a87046487,vidar-guard,vigil@daaf6b5,vigil,daaf6b5,vidar_guardgun@daaf6b5,vidar_guardgun,daaf6b5,strait,official,1,0,rating,b,b,0.0,titanium_collected,1000,,1670,1760,7,7,11376,15910,14,91,ok,,51.842,bob-a,,2026-08-04T23:32:32+0200
bdb5164fa2b16232,vidar-guard,ragnarok@daaf6b5,ragnarok,daaf6b5,vidar_guardgun@daaf6b5,vidar_guardgun,daaf6b5,skerry,official,1,0,rating,b,b,0.0,core_destroyed,171,,967,1740,9,51,478,1180,7,41,ok,,6.061,bob-a,,2026-08-04T23:32:34+0200
be9459ea9c470a0d,vidar-guard,vidar_guardgun@daaf6b5,vidar_guardgun,daaf6b5,valkyrie@daaf6b5,valkyrie,daaf6b5,vase,official,1,0,rating,a,a,1.0,core_destroyed,116,,20,250,6,7,10,0,4,5,ok,,8.439,bob-a,,2026-08-04T23:35:10+0200
bf1a8d5d21249867,vidar-guard,vidar_guardgun@daaf6b5,vidar_guardgun,daaf6b5,vigil@daaf6b5,vigil,daaf6b5,duel,official,1,0,rating,a,a,1.0,titanium_collected,1000,,5065,4960,14,28,2318,770,1,2,ok,,20.069,bob-a,,2026-08-04T23:31:31+0200
bf25b47824300fb8,vidar-guard,prospect@daaf6b5,prospect,daaf6b5,vidar_guardgun@daaf6b5,vidar_guardgun,daaf6b5,vault,official,1,0,rating,a,a,1.0,core_destroyed,86,,16,380,6,7,10,300,7,12,ok,,5.7,bob-a,,2026-08-04T23:33:22+0200
bfdebbeca13d8414,vidar-guard,prospect@daaf6b5,prospect,daaf6b5,vidar_guardgun@daaf6b5,vidar_guardgun,daaf6b5,runestone,official,1,0,rating,b,b,0.0,core_destroyed,197,,1776,2080,7,41,73,1060,10,64,ok,,11.246,bob-a,,2026-08-04T23:33:15+0200
bfe02230b4ac7ddb,vidar-guard,vidar_guardgun@daaf6b5,vidar_guardgun,daaf6b5,tyr@daaf6b5,tyr,daaf6b5,vault,official,1,0,rating,b,b,0.0,titanium_collected,1000,,1318,2910,15,73,5774,6490,5,61,ok,,32.373,bob-a,,2026-08-04T23:31:29+0200
c0e2b5a9ed89a482,vidar-guard,steward@daaf6b5,steward,daaf6b5,vidar_guardgun@daaf6b5,vidar_guardgun,daaf6b5,sweden,official,1,0,rating,a,a,1.0,core_destroyed,318,,60,960,5,18,37,0,9,24,ok,,12.763,bob-a,,2026-08-04T23:34:42+0200
c10cc5c3496af69d,vidar-guard,tyr@daaf6b5,tyr,daaf6b5,vidar_guardgun@daaf6b5,vidar_guardgun,daaf6b5,twins,official,1,0,rating,b,b,0.0,core_destroyed,148,,21,530,8,34,35,1020,6,53,ok,,4.898,bob-a,,2026-08-04T23:30:56+0200
c40b6812384f208d,vidar-guard,prospect@daaf6b5,prospect,daaf6b5,vidar_guardgun@daaf6b5,vidar_guardgun,daaf6b5,string,official,1,0,rating,a,a,1.0,core_destroyed,270,,10,500,2,2,79,380,5,7,ok,,12.115,bob-a,,2026-08-04T23:33:24+0200
c5145f009f0b8320,vidar-guard,odin@daaf6b5,odin,daaf6b5,vidar_guardgun@daaf6b5,vidar_guardgun,daaf6b5,string,official,1,0,rating,a,a,1.0,titanium_collected,1000,,5949,4930,4,15,1319,590,9,4,ok,,11.008,bob-a,,2026-08-04T23:30:01+0200
c532384a535b9cf2,vidar-guard,vidar_guardgun@daaf6b5,vidar_guardgun,daaf6b5,prospect@daaf6b5,prospect,daaf6b5,crossfire,official,1,0,rating,b,b,0.0,core_destroyed,126,,10,300,7,6,8,570,8,16,ok,,5.309,bob-a,,2026-08-04T23:32:53+0200
c681c7fbf7edae5a,vidar-guard,prospect@daaf6b5,prospect,daaf6b5,vidar_guardgun@daaf6b5,vidar_guardgun,daaf6b5,strait,official,1,0,rating,a,a,1.0,core_destroyed,73,,9,160,9,11,60,470,7,38,ok,,5.861,bob-a,,2026-08-04T23:33:16+0200
c6d12a7819fcb3cc,vidar-guard,valkyrie@daaf6b5,valkyrie,daaf6b5,vidar_guardgun@daaf6b5,vidar_guardgun,daaf6b5,sprint,official,1,0,rating,b,b,0.0,core_destroyed,89,,10,0,5,0,10,0,5,2,ok,,4.669,bob-a,,2026-08-04T23:35:02+0200
c82845a61ea0963b,vidar-guard,ragnarok@daaf6b5,ragnarok,daaf6b5,vidar_guardgun@daaf6b5,vidar_guardgun,daaf6b5,string,official,1,0,rating,a,a,1.0,core_destroyed,69,,17,290,7,10,9,180,7,6,ok,,4.806,bob-a,,2026-08-04T23:32:40+0200
c891e51518ea4893,vidar-guard,ragnarok@daaf6b5,ragnarok,daaf6b5,vidar_guardgun@daaf6b5,vidar_guardgun,daaf6b5,runestone,official,1,0,rating,b,b,0.0,core_destroyed,194,,1680,2240,8,60,128,1320,10,67,ok,,10.613,bob-a,,2026-08-04T23:32:36+0200
c9535a1103201eab,vidar-guard,steward@daaf6b5,steward,daaf6b5,vidar_guardgun@daaf6b5,vidar_guardgun,daaf6b5,vault,official,1,0,rating,b,b,0.0,core_destroyed,225,,76,1070,9,53,30,1360,8,62,ok,,13.777,bob-a,,2026-08-04T23:34:44+0200
c95551467a960ec5,vidar-guard,vidar_guardgun@daaf6b5,vidar_guardgun,daaf6b5,steward@daaf6b5,steward,daaf6b5,quarry,official,1,0,rating,b,b,0.0,core_destroyed,166,,8,820,8,36,25,1850,13,60,ok,,9.379,bob-a,,2026-08-04T23:34:23+0200
c9976b3b088fab35,vidar-guard,tyr@daaf6b5,tyr,daaf6b5,vidar_guardgun@daaf6b5,vidar_guardgun,daaf6b5,strait,official,1,0,rating,b,b,0.0,core_destroyed,219,,37,470,12,22,169,2300,12,69,ok,,18.466,bob-a,,2026-08-04T23:31:06+0200
ca43dcedc9f909af,vidar-guard,pantheon_replica_day3@daaf6b5,pantheon_replica_day3,daaf6b5,vidar_guardgun@daaf6b5,vidar_guardgun,daaf6b5,duel,official,1,0,rating,b,b,0.0,core_destroyed,75,,10,170,6,8,2,170,7,7,ok,,4.527,bob-a,,2026-08-04T23:33:30+0200
ca6190f0f3780fba,vidar-guard,vigil@daaf6b5,vigil,daaf6b5,vidar_guardgun@daaf6b5,vidar_guardgun,daaf6b5,showdown,official,1,0,rating,a,a,1.0,core_destroyed,222,,8,0,7,7,10,0,4,7,ok,,5.771,bob-a,,2026-08-04T23:31:37+0200
ca72effd79a1f902,vidar-guard,vidar_guardgun@daaf6b5,vidar_guardgun,daaf6b5,vigil@daaf6b5,vigil,daaf6b5,sweden,official,1,0,rating,a,a,1.0,core_destroyed,166,,69,1140,11,26,515,740,5,16,ok,,7.945,bob-a,,2026-08-04T23:31:52+0200
caa33ddebddc1d11,vidar-guard,pantheon_replica_day3@daaf6b5,pantheon_replica_day3,daaf6b5,vidar_guardgun@daaf6b5,vidar_guardgun,daaf6b5,aurora,official,1,0,rating,b,b,0.0,core_destroyed,91,,60,610,3,63,44,380,9,18,ok,,8.405,bob-a,,2026-08-04T23:33:29+0200
cc8d121be0be103b,vidar-guard,prospect@daaf6b5,prospect,daaf6b5,vidar_guardgun@daaf6b5,vidar_guardgun,daaf6b5,jackpot,official,1,0,rating,b,b,0.0,core_destroyed,132,,98,720,9,27,29,590,8,22,ok,,6.478,bob-a,,2026-08-04T23:33:04+0200
cd3e7f84d0403ccb,vidar-guard,vidar_guardgun@daaf6b5,vidar_guardgun,daaf6b5,odin@daaf6b5,odin,daaf6b5,fjord,official,1,0,rating,a,a,1.0,titanium_collected,1000,,13450,16220,6,70,7616,9650,13,61,ok,,24.768,bob-a,,2026-08-04T23:29:50+0200
cd41d8a625d7c808,vidar-guard,steward@daaf6b5,steward,daaf6b5,vidar_guardgun@daaf6b5,vidar_guardgun,daaf6b5,twins,official,1,0,rating,a,a,1.0,core_destroyed,85,,40,360,7,21,10,160,9,7,ok,,8.77,bob-a,,2026-08-04T23:34:38+0200
cdf73e0906e18eae,vidar-guard,vidar_guardgun@daaf6b5,vidar_guardgun,daaf6b5,steward@daaf6b5,steward,daaf6b5,showdown,official,1,0,rating,a,a,1.0,core_destroyed,113,,10,0,8,3,10,0,7,0,ok,,3.126,bob-a,,2026-08-04T23:34:21+0200
ce5b32a88d069d07,vidar-guard,prospect@daaf6b5,prospect,daaf6b5,vidar_guardgun@daaf6b5,vidar_guardgun,daaf6b5,sprint,official,1,0,rating,a,a,1.0,core_destroyed,97,,9,10,7,4,10,0,7,2,ok,,6.16,bob-a,,2026-08-04T23:33:14+0200
ce95d22419a5cf64,vidar-guard,vigil@daaf6b5,vigil,daaf6b5,vidar_guardgun@daaf6b5,vidar_guardgun,daaf6b5,runestone,official,1,0,rating,b,b,0.0,titanium_collected,1000,,2127,2320,9,7,13426,17240,12,81,ok,,101.978,bob-a,,2026-08-04T23:33:11+0200
cfd8e38be9c63b84,vidar-guard,prospect@daaf6b5,prospect,daaf6b5,vidar_guardgun@daaf6b5,vidar_guardgun,daaf6b5,longship,official,1,0,rating,a,a,1.0,core_destroyed,124,,19,510,9,13,67,540,9,22,ok,,8.916,bob-a,,2026-08-04T23:33:08+0200
d076455b74a9b946,vidar-guard,vidar_guardgun@daaf6b5,vidar_guardgun,daaf6b5,tyr@daaf6b5,tyr,daaf6b5,string,official,1,0,rating,a,a,1.0,titanium_collected,1000,,10066,9530,5,21,2494,840,2,5,ok,,8.943,bob-a,,2026-08-04T23:30:57+0200
d0bb3c5f46c38764,vidar-guard,steward@daaf6b5,steward,daaf6b5,vidar_guardgun@daaf6b5,vidar_guardgun,daaf6b5,jackpot,official,1,0,rating,a,a,1.0,core_destroyed,138,,70,590,7,28,38,330,10,5,ok,,9.936,bob-a,,2026-08-04T23:34:18+0200
d0d0a2ae755cea1f,vidar-guard,vidar_guardgun@daaf6b5,vidar_guardgun,daaf6b5,ragnarok@daaf6b5,ragnarok,daaf6b5,hive,official,1,0,rating,b,b,0.0,titanium_stored,1000,,12,2480,9,24,19,2480,7,20,ok,,18.502,bob-a,,2026-08-04T23:32:27+0200
d14e17367fef4851,vidar-guard,vidar_guardgun@daaf6b5,vidar_guardgun,daaf6b5,steward@daaf6b5,steward,daaf6b5,bridge,official,1,0,rating,b,b,0.0,core_destroyed,280,,87,500,8,8,80,1250,8,20,ok,,11.18,bob-a,,2026-08-04T23:34:09+0200
d2bb2e846d58f9cd,vidar-guard,vidar_guardgun@daaf6b5,vidar_guardgun,daaf6b5,tyr@daaf6b5,tyr,daaf6b5,vase,official,1,0,rating,a,a,1.0,titanium_collected,1000,,2619,2460,8,10,1556,620,4,9,ok,,26.656,bob-a,,2026-08-04T23:31:22+0200
d2bbbee99084a22e,vidar-guard,steward@daaf6b5,steward,daaf6b5,vidar_guardgun@daaf6b5,vidar_guardgun,daaf6b5,hive,official,1,0,rating,b,b,0.0,core_destroyed,213,,10,1580,10,55,42,1490,11,46,ok,,17.296,bob-a,,2026-08-04T23:34:24+0200
d33e71df1c47f264,vidar-guard,prospect@daaf6b5,prospect,daaf6b5,vidar_guardgun@daaf6b5,vidar_guardgun,daaf6b5,twins,official,1,0,rating,a,a,1.0,core_destroyed,77,,43,390,9,14,3,170,7,22,ok,,5.699,bob-a,,2026-08-04T23:33:20+0200
d435c58e7d68b96b,vidar-guard,prospect@daaf6b5,prospect,daaf6b5,vidar_guardgun@daaf6b5,vidar_guardgun,daaf6b5,atoll,official,1,0,rating,a,a,1.0,core_destroyed,119,,8,540,9,7,17,340,5,14,ok,,7.728,bob-a,,2026-08-04T23:32:52+0200
d5053e0581f89e4b,vidar-guard,valkyrie@daaf6b5,valkyrie,daaf6b5,vidar_guardgun@daaf6b5,vidar_guardgun,daaf6b5,aurora,official,1,0,rating,b,b,0.0,core_destroyed,119,,440,1000,8,52,46,760,9,39,ok,,9.539,bob-a,,2026-08-04T23:34:47+0200
d5a5b31b36a997c3,vidar-guard,vidar_guardgun@daaf6b5,vidar_guardgun,daaf6b5,ragnarok@daaf6b5,ragnarok,daaf6b5,bridge,official,1,0,rating,b,b,0.0,titanium_collected,1000,,3968,2450,4,10,7103,4850,3,18,ok,,18.604,bob-a,,2026-08-04T23:32:19+0200
d67a0c6401996601,vidar-guard,vidar_guardgun@daaf6b5,vidar_guardgun,daaf6b5,tyr@daaf6b5,tyr,daaf6b5,fjord,official,1,0,rating,a,a,1.0,titanium_collected,1000,,8837,11100,8,59,5653,6680,9,43,ok,,18.598,bob-a,,2026-08-04T23:30:39+0200
d694216bc3ef823a,vidar-guard,odin@daaf6b5,odin,daaf6b5,vidar_guardgun@daaf6b5,vidar_guardgun,daaf6b5,skerry,official,1,0,rating,a,a,1.0,titanium_collected,1000,,8691,12430,7,65,3039,9680,15,50,ok,,43.636,bob-a,,2026-08-04T23:30:29+0200
d786777d66e218e3,vidar-guard,valkyrie@daaf6b5,valkyrie,daaf6b5,vidar_guardgun@daaf6b5,vidar_guardgun,daaf6b5,duel,official,1,0,rating,b,b,0.0,core_destroyed,108,,274,490,4,9,20,500,7,15,ok,,5.754,bob-a,,2026-08-04T23:34:45+0200
d79da091a914e120,vidar-guard,vidar_guardgun@daaf6b5,vidar_guardgun,daaf6b5,steward@daaf6b5,steward,daaf6b5,pinch,official,1,0,rating,b,b,0.0,core_destroyed,169,,8,400,7,15,20,1580,11,54,ok,,10.64,bob-a,,2026-08-04T23:34:23+0200
d8427b5d5401bcff,vidar-guard,vidar_guardgun@daaf6b5,vidar_guardgun,daaf6b5,valkyrie@daaf6b5,valkyrie,daaf6b5,quarry,official,1,0,rating,a,a,1.0,core_destroyed,278,,10,1490,7,71,2401,4050,7,106,ok,,10.922,bob-a,,2026-08-04T23:34:58+0200
d84f601393e4fc54,vidar-guard,vidar_guardgun@daaf6b5,vidar_guardgun,daaf6b5,vigil@daaf6b5,vigil,daaf6b5,runestone,official,1,0,rating,a,a,1.0,titanium_collected,1000,,18479,18980,11,94,7164,6110,9,24,ok,,54.331,bob-a,,2026-08-04T23:32:23+0200
da2ada26718134fc,vidar-guard,vidar_guardgun@daaf6b5,vidar_guardgun,daaf6b5,vigil@daaf6b5,vigil,daaf6b5,vase,official,1,0,rating,a,a,1.0,core_destroyed,189,,121,430,4,7,574,410,4,6,ok,,7.087,bob-a,,2026-08-04T23:31:55+0200
db0415775ec549b6,vidar-guard,vidar_guardgun@daaf6b5,vidar_guardgun,daaf6b5,tyr@daaf6b5,tyr,daaf6b5,strait,official,1,0,rating,a,a,1.0,titanium_collected,1000,,9247,12230,10,72,7281,8570,11,31,ok,,27.902,bob-a,,2026-08-04T23:31:15+0200
db146836a0392da6,vidar-guard,vidar_guardgun@daaf6b5,vidar_guardgun,daaf6b5,prospect@daaf6b5,prospect,daaf6b5,vase,official,1,0,rating,a,a,1.0,titanium_collected,1000,,1862,810,5,6,1975,550,7,5,ok,,17.961,bob-a,,2026-08-04T23:33:32+0200
db37376b90662f57,vidar-guard,vidar_guardgun@daaf6b5,vidar_guardgun,daaf6b5,vigil@daaf6b5,vigil,daaf6b5,longship,official,1,0,rating,a,a,1.0,titanium_collected,1000,,14295,15180,13,66,2296,1990,6,16,ok,,75.954,bob-a,,2026-08-04T23:32:38+0200
db7391efef74c1b7,vidar-guard,steward@daaf6b5,steward,daaf6b5,vidar_guardgun@daaf6b5,vidar_guardgun,daaf6b5,skerry,official,1,0,rating,b,b,0.0,core_destroyed,168,,93,1660,11,57,51,1160,8,40,ok,,8.074,bob-a,,2026-08-04T23:34:29+0200
dbbf43ee33d81544,vidar-guard,vidar_guardgun@daaf6b5,vidar_guardgun,daaf6b5,prospect@daaf6b5,prospect,daaf6b5,pinch,official,1,0,rating,b,b,0.0,core_destroyed,78,,1,160,9,23,2,520,7,27,ok,,6.363,bob-a,,2026-08-04T23:33:06+0200
ddcca9a4c05fd4ff,vidar-guard,vidar_guardgun@daaf6b5,vidar_guardgun,daaf6b5,tyr@daaf6b5,tyr,daaf6b5,showdown,official,1,0,rating,a,a,1.0,core_destroyed,237,,9,0,6,8,10,0,3,2,ok,,5.585,bob-a,,2026-08-04T23:30:43+0200
ddfca205518139ab,vidar-guard,pantheon_replica_day3@daaf6b5,pantheon_replica_day3,daaf6b5,vidar_guardgun@daaf6b5,vidar_guardgun,daaf6b5,crossfire,official,1,0,rating,b,b,0.0,core_destroyed,118,,489,550,1,28,2,280,9,7,ok,,5.244,bob-a,,2026-08-04T23:33:30+0200
de5aa9f246ed685c,vidar-guard,valkyrie@daaf6b5,valkyrie,daaf6b5,vidar_guardgun@daaf6b5,vidar_guardgun,daaf6b5,quarry,official,1,0,rating,a,a,1.0,titanium_collected,1000,,20050,20700,8,180,13108,13690,14,102,ok,,82.553,bob-a,,2026-08-04T23:36:11+0200
e0bd1c0475976abf,vidar-guard,steward@daaf6b5,steward,daaf6b5,vidar_guardgun@daaf6b5,vidar_guardgun,daaf6b5,crossfire,official,1,0,rating,b,b,0.0,core_destroyed,145,,13,350,8,10,10,350,5,7,ok,,3.666,bob-a,,2026-08-04T23:34:05+0200
e17dcda1ba0848f1,vidar-guard,vigil@daaf6b5,vigil,daaf6b5,vidar_guardgun@daaf6b5,vidar_guardgun,daaf6b5,hive,official,1,0,rating,b,b,0.0,core_destroyed,148,,1021,870,7,18,64,870,10,62,ok,,6.435,bob-a,,2026-08-04T23:31:28+0200
e20377f764fbcb49,vidar-guard,vidar_guardgun@daaf6b5,vidar_guardgun,daaf6b5,steward@daaf6b5,steward,daaf6b5,duel,official,1,0,rating,b,b,0.0,core_destroyed,87,,9,210,8,6,8,390,8,11,ok,,3.736,bob-a,,2026-08-04T23:34:06+0200
e2e4cc45a75d9e07,vidar-guard,pantheon_replica_day3@daaf6b5,pantheon_replica_day3,daaf6b5,vidar_guardgun@daaf6b5,vidar_guardgun,daaf6b5,strait,official,1,0,rating,b,b,0.0,core_destroyed,125,,428,1040,3,58,35,350,10,12,ok,,6.303,bob-a,,2026-08-04T23:33:48+0200
e321486d19867c73,vidar-guard,steward@daaf6b5,steward,daaf6b5,vidar_guardgun@daaf6b5,vidar_guardgun,daaf6b5,sprint,official,1,0,rating,b,b,0.0,core_destroyed,89,,10,0,5,0,10,0,5,2,ok,,5.895,bob-a,,2026-08-04T23:34:29+0200
e3911a0757a50f01,vidar-guard,odin@daaf6b5,odin,daaf6b5,vidar_guardgun@daaf6b5,vidar_guardgun,daaf6b5,crossfire,official,1,0,rating,a,a,1.0,core_destroyed,94,,20,420,6,15,20,390,12,6,ok,,6.484,bob-a,,2026-08-04T23:29:32+0200
e3f07b03ca43dae6,vidar-guard,vidar_guardgun@daaf6b5,vidar_guardgun,daaf6b5,tyr@daaf6b5,tyr,daaf6b5,skerry,official,1,0,rating,a,a,1.0,titanium_collected,1000,,13007,14470,6,76,9898,9560,8,41,ok,,18.1,bob-a,,2026-08-04T23:30:57+0200
e410e30e3cfe4cf7,vidar-guard,vidar_guardgun@daaf6b5,vidar_guardgun,daaf6b5,valkyrie@daaf6b5,valkyrie,daaf6b5,strait,official,1,0,rating,a,a,1.0,core_destroyed,205,,8,980,9,56,1316,1800,7,57,ok,,6.654,bob-a,,2026-08-04T23:35:04+0200
e45d23404d49b0e9,vidar-guard,pantheon_replica_day3@daaf6b5,pantheon_replica_day3,daaf6b5,vidar_guardgun@daaf6b5,vidar_guardgun,daaf6b5,quarry,official,1,0,rating,b,b,0.0,core_destroyed,588,,8988,12430,6,162,10,1620,9,41,ok,,13.824,bob-a,,2026-08-04T23:33:50+0200
e4c58c7d9829057f,vidar-guard,prospect@daaf6b5,prospect,daaf6b5,vidar_guardgun@daaf6b5,vidar_guardgun,daaf6b5,crossfire,official,1,0,rating,b,b,0.0,core_destroyed,116,,629,520,5,12,38,280,8,6,ok,,6.973,bob-a,,2026-08-04T23:32:55+0200
e5026312d0b3e20d,vidar-guard,prospect@daaf6b5,prospect,daaf6b5,vidar_guardgun@daaf6b5,vidar_guardgun,daaf6b5,pinch,official,1,0,rating,a,a,1.0,core_destroyed,70,,8,270,6,10,10,150,7,14,ok,,3.757,bob-a,,2026-08-04T23:33:04+0200
e57b2ddcead65a54,vidar-guard,vigil@daaf6b5,vigil,daaf6b5,vidar_guardgun@daaf6b5,vidar_guardgun,daaf6b5,aurora,official,1,0,rating,b,b,0.0,titanium_collected,1000,,6300,5550,9,33,17364,18060,12,89,ok,,64.981,bob-a,,2026-08-04T23:32:08+0200
e7c73bfd64574b1e,vidar-guard,vidar_guardgun@daaf6b5,vidar_guardgun,daaf6b5,vigil@daaf6b5,vigil,daaf6b5,twins,official,1,0,rating,a,a,1.0,core_destroyed,199,,19,700,9,37,1106,1040,5,19,ok,,10.525,bob-a,,2026-08-04T23:31:58+0200
e97c16f9d3f44152,vidar-guard,tyr@daaf6b5,tyr,daaf6b5,vidar_guardgun@daaf6b5,vidar_guardgun,daaf6b5,aurora,official,1,0,rating,b,b,0.0,titanium_collected,1000,,9138,9170,9,46,12782,14760,7,87,ok,,22.422,bob-a,,2026-08-04T23:30:28+0200
e9db1d11217ade40,vidar-guard,vidar_guardgun@daaf6b5,vidar_guardgun,daaf6b5,tyr@daaf6b5,tyr,daaf6b5,aurora,official,1,0,rating,a,a,1.0,titanium_collected,1000,,13350,16390,9,84,9170,9170,5,28,ok,,17.693,bob-a,,2026-08-04T23:30:21+0200
ea19d19c77d8dd0c,vidar-guard,odin@daaf6b5,odin,daaf6b5,vidar_guardgun@daaf6b5,vidar_guardgun,daaf6b5,vault,official,1,0,rating,b,b,0.0,core_destroyed,178,,72,430,6,21,75,1160,10,38,ok,,9.724,bob-a,,2026-08-04T23:30:09+0200
eaa821dcd9bd1c18,vidar-guard,vidar_guardgun@daaf6b5,vidar_guardgun,daaf6b5,ragnarok@daaf6b5,ragnarok,daaf6b5,pinch,official,1,0,rating,a,a,1.0,core_destroyed,230,,10,560,9,16,1562,2050,7,44,ok,,10.056,bob-a,,2026-08-04T23:32:27+0200
ebc21f48b7b13ba2,vidar-guard,vidar_guardgun@daaf6b5,vidar_guardgun,daaf6b5,prospect@daaf6b5,prospect,daaf6b5,sprint,official,1,0,rating,b,b,0.0,core_destroyed,54,,10,0,6,1,10,80,5,8,ok,,4.185,bob-a,,2026-08-04T23:33:12+0200
ebfbe218bfa5abc2,vidar-guard,tyr@daaf6b5,tyr,daaf6b5,vidar_guardgun@daaf6b5,vidar_guardgun,daaf6b5,skerry,official,1,0,rating,a,a,1.0,titanium_collected,1000,,10206,11000,6,101,9203,10990,19,82,ok,,33.327,bob-a,,2026-08-04T23:31:17+0200
ed284e521517b28c,vidar-guard,prospect@daaf6b5,prospect,daaf6b5,vidar_guardgun@daaf6b5,vidar_guardgun,daaf6b5,sweden,official,1,0,rating,a,a,1.0,core_destroyed,285,,483,2550,10,17,21,350,4,6,ok,,10.457,bob-a,,2026-08-04T23:33:23+0200
ed5455738ef24aca,vidar-guard,tyr@daaf6b5,tyr,daaf6b5,vidar_guardgun@daaf6b5,vidar_guardgun,daaf6b5,fjord,official,1,0,rating,b,b,0.0,titanium_collected,1000,,8567,9470,6,59,11072,12220,12,73,ok,,26.119,bob-a,,2026-08-04T23:30:47+0200
ed8d7efbf7f5fd94,vidar-guard,vidar_guardgun@daaf6b5,vidar_guardgun,daaf6b5,odin@daaf6b5,odin,daaf6b5,vase,official,1,0,rating,a,a,1.0,titanium_collected,1000,,2695,2460,8,10,1552,620,4,9,ok,,27.078,bob-a,,2026-08-04T23:30:23+0200
ef51c999b2cf6ce9,vidar-guard,ragnarok@daaf6b5,ragnarok,daaf6b5,vidar_guardgun@daaf6b5,vidar_guardgun,daaf6b5,atoll,official,1,0,rating,b,b,0.0,core_destroyed,63,,99,280,6,28,10,260,8,11,ok,,5.83,bob-a,,2026-08-04T23:32:03+0200
ef767239abff34c8,vidar-guard,vigil@daaf6b5,vigil,daaf6b5,vidar_guardgun@daaf6b5,vidar_guardgun,daaf6b5,sprint,official,1,0,rating,a,a,1.0,core_destroyed,160,,17,320,8,8,16,0,7,2,ok,,6.585,bob-a,,2026-08-04T23:31:43+0200
f08fb2833342ef12,vidar-guard,vidar_guardgun@daaf6b5,vidar_guardgun,daaf6b5,odin@daaf6b5,odin,daaf6b5,sprint,official,1,0,rating,a,a,1.0,core_destroyed,81,,10,0,6,1,10,0,7,0,ok,,3.867,bob-a,,2026-08-04T23:29:49+0200
f125db94c9d99e36,vidar-guard,vidar_guardgun@daaf6b5,vidar_guardgun,daaf6b5,steward@daaf6b5,steward,daaf6b5,sweden,official,1,0,rating,a,a,1.0,core_destroyed,169,,83,1130,13,30,30,540,9,22,ok,,7.974,bob-a,,2026-08-04T23:34:34+0200
f311c36617a2aee4,vidar-guard,ragnarok@daaf6b5,ragnarok,daaf6b5,vidar_guardgun@daaf6b5,vidar_guardgun,daaf6b5,sprint,official,1,0,rating,b,b,0.0,core_destroyed,89,,10,0,5,0,10,0,5,2,ok,,3.378,bob-a,,2026-08-04T23:32:34+0200
f493c5c09d2dd0c1,vidar-guard,vidar_guardgun@daaf6b5,vidar_guardgun,daaf6b5,ragnarok@daaf6b5,ragnarok,daaf6b5,skerry,official,1,0,rating,a,a,1.0,core_destroyed,232,,102,1720,11,66,1768,2110,8,33,ok,,11.146,bob-a,,2026-08-04T23:32:38+0200
f4b639167db27663,vidar-guard,vigil@daaf6b5,vigil,daaf6b5,vidar_guardgun@daaf6b5,vidar_guardgun,daaf6b5,crossfire,official,1,0,rating,a,a,1.0,core_destroyed,563,,20,1830,8,12,3,460,5,4,ok,,10.711,bob-a,,2026-08-04T23:31:21+0200
f66d7f2525ada3ae,vidar-guard,pantheon_replica_day3@daaf6b5,pantheon_replica_day3,daaf6b5,vidar_guardgun@daaf6b5,vidar_guardgun,daaf6b5,atoll,official,1,0,rating,b,b,0.0,core_destroyed,87,,310,580,2,48,2,350,9,7,ok,,6.77,bob-a,,2026-08-04T23:33:26+0200
f7ba7f42ac209966,vidar-guard,vidar_guardgun@daaf6b5,vidar_guardgun,daaf6b5,odin@daaf6b5,odin,daaf6b5,runestone,official,1,0,rating,a,a,1.0,titanium_collected,1000,,14801,15000,8,78,9235,10180,7,75,ok,,47.76,bob-a,,2026-08-04T23:30:29+0200
f8a2dcc88f783e1a,vidar-guard,vidar_guardgun@daaf6b5,vidar_guardgun,daaf6b5,tyr@daaf6b5,tyr,daaf6b5,sweden,official,1,0,rating,a,a,1.0,titanium_collected,1000,,9099,9650,7,31,2002,850,5,16,ok,,36.911,bob-a,,2026-08-04T23:31:27+0200
fa69b99132e69e39,vidar-guard,vidar_guardgun@daaf6b5,vidar_guardgun,daaf6b5,pantheon_replica_day3@daaf6b5,pantheon_replica_day3,daaf6b5,twins,official,1,0,rating,a,a,1.0,core_destroyed,122,,1,640,10,38,888,920,2,60,ok,,7.737,bob-a,,2026-08-04T23:33:56+0200
fc2ce0889430236e,vidar-guard,vigil@daaf6b5,vigil,daaf6b5,vidar_guardgun@daaf6b5,vidar_guardgun,daaf6b5,skerry,official,1,0,rating,b,b,0.0,core_destroyed,584,,12,1640,8,7,2027,5820,16,58,ok,,26.225,bob-a,,2026-08-04T23:31:58+0200
fc38efd0a046436f,vidar-guard,vidar_guardgun@daaf6b5,vidar_guardgun,daaf6b5,odin@daaf6b5,odin,daaf6b5,strait,official,1,0,rating,b,b,0.0,core_destroyed,132,,20,240,10,19,69,1090,8,49,ok,,8.294,bob-a,,2026-08-04T23:29:57+0200
fc6577c5baa33a5d,vidar-guard,odin@daaf6b5,odin,daaf6b5,vidar_guardgun@daaf6b5,vidar_guardgun,daaf6b5,fjord,official,1,0,rating,b,b,0.0,titanium_collected,1000,,7939,8230,5,51,10676,11390,15,64,ok,,73.349,bob-a,,2026-08-04T23:30:39+0200
fd27fcd18087d01d,vidar-guard,odin@daaf6b5,odin,daaf6b5,vidar_guardgun@daaf6b5,vidar_guardgun,daaf6b5,bridge,official,1,0,rating,b,b,0.0,titanium_collected,1000,,9045,7270,4,16,10173,9550,7,20,ok,,15.582,bob-a,,2026-08-04T23:29:41+0200
fdfea3af4e2a5f2b,vidar-guard,tyr@daaf6b5,tyr,daaf6b5,vidar_guardgun@daaf6b5,vidar_guardgun,daaf6b5,quarry,official,1,0,rating,b,b,0.0,titanium_collected,1000,,6371,10860,6,157,17261,23570,5,169,ok,,47.686,bob-a,,2026-08-04T23:31:18+0200
fe3823c7d5f7a8ab,vidar-guard,vidar_guardgun@daaf6b5,vidar_guardgun,daaf6b5,steward@daaf6b5,steward,daaf6b5,runestone,official,1,0,rating,a,a,1.0,core_destroyed,211,,60,2120,12,64,71,2180,10,70,ok,,12.511,bob-a,,2026-08-04T23:34:29+0200
febee0f7f4cab3fc,vidar-guard,vidar_guardgun@daaf6b5,vidar_guardgun,daaf6b5,ragnarok@daaf6b5,ragnarok,daaf6b5,jackpot,official,1,0,rating,b,b,0.0,core_destroyed,527,,60,2720,6,33,11,2330,6,9,ok,,22.016,bob-a,,2026-08-04T23:32:31+0200
ff16ec7a9a089adc,vidar-guard,pantheon_replica_day3@daaf6b5,pantheon_replica_day3,daaf6b5,vidar_guardgun@daaf6b5,vidar_guardgun,daaf6b5,twins,official,1,0,rating,b,b,0.0,core_destroyed,126,,10,560,5,18,8,290,9,11,ok,,6.535,bob-a,,2026-08-04T23:33:55+0200
ff9df0390b1d9856,vidar-guard,vidar_guardgun@daaf6b5,vidar_guardgun,daaf6b5,pantheon_replica_day3@daaf6b5,pantheon_replica_day3,daaf6b5,vault,official,1,0,rating,b,b,0.0,core_destroyed,92,,27,210,10,24,23,410,4,51,ok,,5.63,bob-a,,2026-08-04T23:33:56+0200
ffd798b57e03b843,vidar-guard,vidar_guardgun@daaf6b5,vidar_guardgun,daaf6b5,odin@daaf6b5,odin,daaf6b5,duel,official,1,0,rating,a,a,1.0,core_destroyed,118,,24,290,6,4,41,610,9,23,ok,,8.209,bob-a,,2026-08-04T23:29:34+0200
