rank,bot_id,name,commit,games,wins,draws,losses,win_rate,melo_r,melo_r_elo,melo_fit_r,melo_c_1,melo_c_2,nash_prob,nash_average,nash_rank,rank_delta,aggregate_rank,aggregate_melo_r,aggregate_melo_r_elo,aggregate_nash_prob,aggregate_nash_average,aggregate_nash_rank,aggregate_rank_delta
1,tempest_oracle_ferry@7196487,tempest_oracle_ferry,7196487,1974,1654,0,320,0.8379,1.064975,185.0,1.912856,-0.07388,1.436102,0.15625,-1.156783,1,0,11,1.912856,332.3,1.0,0.0,1,10
2,vanguard_oracle@75591b7,vanguard_oracle,75591b7,1974,1630,0,344,0.8257,1.026655,178.3,2.348591,-0.825797,0.049929,0.0625,-1.156783,2,0,2,2.348591,408.0,0.0,-0.376478,2,0
3,vanguard@818f3b4,vanguard,818f3b4,1974,1611,0,363,0.8161,0.996319,173.1,2.340139,-0.616254,-0.193525,0.0,-1.307668,23,-20,3,2.340139,406.5,0.0,-0.473784,3,0
4,vanguard@9932bec,vanguard,9932bec,1974,1589,0,385,0.805,0.961192,167.0,2.352938,-0.752747,-0.362716,0.0625,-1.156783,3,1,1,2.352938,408.7,0.0,-0.675755,9,-8
5,tempest_ferry@26b5aa1,tempest_ferry,26b5aa1,1974,1578,0,396,0.7994,0.943629,163.9,1.743171,-0.246357,1.101658,0.056251,-1.156783,4,1,13,1.743171,302.8,0.0,-0.573346,4,9
6,undertow_oracle@75591b7,undertow_oracle,75591b7,1974,1559,0,415,0.7898,0.913292,158.7,2.158249,-0.652034,-0.181174,0.125,-1.156783,5,1,6,2.158249,374.9,0.0,-0.781701,12,-6
7,tempest_fast@eb1f0f3,tempest_fast,eb1f0f3,1974,1545,0,429,0.7827,0.890939,154.8,1.678365,-0.356266,1.00775,0.056257,-1.156783,6,1,15,1.678365,291.6,0.0,-0.675755,8,7
8,vanguard@26e6792,vanguard,26e6792,1974,1542,0,432,0.7812,0.886149,153.9,2.254772,-0.923453,-0.487668,0.0,-1.307668,22,-14,4,2.254772,391.7,0.0,-1.007641,16,-12
9,tempest@da3fd8a,tempest,da3fd8a,1974,1534,0,440,0.7771,0.873376,151.7,1.656125,-0.343314,0.958756,0.056245,-1.156783,7,2,16,1.656125,287.7,0.0,-0.675755,7,9
10,undertow@da3fd8a,undertow,da3fd8a,1974,1504,0,470,0.7619,0.825476,143.4,2.076762,-0.491315,-0.505213,0.046878,-1.156783,8,2,7,2.076762,360.8,0.0,-0.675755,6,1
11,vanguard@259c188,vanguard,259c188,1974,1498,0,476,0.7589,0.815896,141.7,2.174147,-0.797102,-0.727099,0.0,-1.5321,28,-17,5,2.174147,377.7,0.0,-1.007641,15,-10
12,undertow_1ac7ac4@da3fd8a,undertow_1ac7ac4,da3fd8a,1974,1488,0,486,0.7538,0.799929,139.0,2.023976,-0.507671,-0.548033,0.046872,-1.156783,9,3,8,2.023976,351.6,0.0,-0.675755,5,3
13,mistral_fast@26b5aa1,mistral_fast,26b5aa1,1974,1484,0,490,0.7518,0.793542,137.9,1.542962,-0.716186,0.772235,0.056255,-1.156783,10,3,17,1.542962,268.0,0.0,-1.72551,24,-7
14,mistral@ba943b9,mistral,ba943b9,1974,1479,0,495,0.7492,0.785559,136.5,1.532823,-0.706807,0.749265,0.056242,-1.156783,11,3,18,1.532823,266.3,0.0,-1.72551,25,-7
15,vanguard@da3fd8a,vanguard,da3fd8a,1974,1438,0,536,0.7285,0.720096,125.1,1.996785,-0.757908,-0.813659,0.0,-1.485596,25,-10,9,1.996785,346.9,0.0,-1.129865,19,-10
16,v233_g@9713344,v233_g,9713344,1974,1425,0,549,0.7219,0.699339,121.5,1.98482,-0.437938,-0.905372,0.125,-1.156783,12,4,10,1.98482,344.8,0.0,-0.781701,13,-3
17,undertow@9713344,undertow,9713344,1974,1402,0,572,0.7102,0.662616,115.1,1.736575,-0.530912,-0.618169,0.0,-1.458553,24,-7,14,1.736575,301.7,0.0,-1.007641,14,0
18,v233_f@9713344,v233_f,9713344,1974,1366,0,608,0.692,0.605136,105.1,1.843356,-0.420005,-1.084462,0.0,-1.156783,13,5,12,1.843356,320.2,0.0,-1.129865,17,-5
19,uw_v2@9713344,uw_v2,9713344,1974,1326,0,648,0.6717,0.541269,94.0,1.130776,-0.235632,0.478761,0.03125,-1.156783,14,5,20,1.130776,196.4,0.0,-0.781701,10,10
20,jonbot@da3fd8a,jonbot,da3fd8a,1974,1273,0,701,0.6449,0.456646,79.3,0.863994,-0.096482,0.715498,0.0,-1.609438,29,-9,21,0.863994,150.1,0.0,-0.781701,11,10
21,v233_e@9713344,v233_e,9713344,1974,1273,0,701,0.6449,0.456646,79.3,1.246655,-0.587034,-0.588741,0.0,-1.280625,21,0,19,1.246655,216.6,0.0,-1.129865,18,1
22,v233_c@9713344,v233_c,9713344,1974,1190,0,784,0.6028,0.324123,56.3,0.615451,-0.357619,0.580641,0.0625,-1.156783,15,7,22,0.615451,106.9,0.0,-1.72551,23,-1
23,v233_b@9713344,v233_b,9713344,1974,1167,0,807,0.5912,0.2874,49.9,0.557384,-0.362384,0.503311,0.0,-1.156783,16,7,23,0.557384,96.8,0.0,-1.72551,21,2
24,v233_d@9713344,v233_d,9713344,1974,1151,0,823,0.5831,0.261853,45.5,0.527858,-0.320452,0.226578,0.0,-1.156783,17,7,24,0.527858,91.7,0.0,-1.72551,22,2
25,jonbot_190003d@da3fd8a,jonbot_190003d,da3fd8a,1974,943,0,1031,0.4777,-0.070253,-12.2,-0.091163,0.264593,0.616191,0.0,-1.508848,26,-1,25,-0.091163,-15.8,0.0,-1.260254,20,5
26,v233_a@9713344,v233_a,9713344,1974,827,0,1147,0.4189,-0.255466,-44.4,-0.704809,0.518454,-0.421656,0.0,-1.609438,30,-4,26,-0.704809,-122.4,0.0,-2.146581,27,-1
27,uw_v1@9713344,uw_v1,9713344,1974,779,0,1195,0.3946,-0.332106,-57.7,-0.740103,0.419189,0.17347,0.0,-1.609438,31,-4,27,-0.740103,-128.6,0.0,-2.146581,26,1
28,turtle@9713344,turtle,9713344,1974,598,0,1376,0.3029,-0.621103,-107.9,-1.520228,0.941932,-0.344409,0.0,-1.508848,27,1,28,-1.520228,-264.1,0.0,-2.423538,29,-1
29,vg_v5@9713344,vg_v5,9713344,1974,598,0,1376,0.3029,-0.621103,-107.9,-1.56237,0.529457,-0.454375,0.0,-1.609438,32,-3,31,-1.56237,-271.4,0.0,-2.785011,42,-11
30,vg_v4@9713344,vg_v4,9713344,1974,577,0,1397,0.2923,-0.654632,-113.7,-1.53796,0.6812,-0.208924,0.0,-1.609438,33,-3,29,-1.53796,-267.2,0.0,-2.423538,34,-5
31,vg_v2@9713344,vg_v2,9713344,1974,575,0,1399,0.2913,-0.657826,-114.3,-1.663533,0.547867,-0.522974,0.0,-1.609438,34,-3,35,-1.663533,-289.0,0.0,-2.423538,31,4
32,vg_v7@9713344,vg_v7,9713344,1974,573,0,1401,0.2903,-0.661019,-114.8,-1.546572,0.699148,-0.178214,0.0,-1.609438,35,-3,30,-1.546572,-268.7,0.0,-2.785011,41,-11
33,vg_v3@9713344,vg_v3,9713344,1974,558,0,1416,0.2827,-0.684969,-119.0,-1.691589,0.60838,-0.434174,0.0,-1.609438,36,-3,38,-1.691589,-293.9,0.0,-2.423538,35,3
34,vg_v6@9713344,vg_v6,9713344,1974,556,0,1418,0.2817,-0.688162,-119.5,-1.691426,0.502999,-0.432902,0.0,-1.156783,18,16,37,-1.691426,-293.8,0.0,-2.423538,33,4
35,baiter@9713344,baiter,9713344,1974,551,0,1423,0.2791,-0.696146,-120.9,-1.688023,0.684332,-0.372532,0.0,-1.156783,19,16,36,-1.688023,-293.2,0.0,-2.423538,30,6
36,riptide@9713344,riptide,9713344,1974,544,0,1430,0.2756,-0.707322,-122.9,-1.653483,0.658169,-0.240498,0.0,-1.609438,37,-1,32,-1.653483,-287.2,0.0,-2.423538,32,0
37,reaver@9713344,reaver,9713344,1974,519,0,1455,0.2629,-0.747239,-129.8,-1.654319,0.578149,-0.08096,0.0,-1.609438,38,-1,33,-1.654319,-287.4,0.0,-2.785011,37,-4
38,nemesis@9713344,nemesis,9713344,1974,498,0,1476,0.2523,-0.780769,-135.6,-1.659853,0.874062,0.143349,0.0,-1.609438,39,-1,34,-1.659853,-288.3,0.0,-3.320228,44,-10
39,titanium_v1@9713344,titanium_v1,9713344,1974,457,0,1517,0.2315,-0.846232,-147.0,-1.945497,0.673457,-0.203074,0.0,-1.609438,40,-1,40,-1.945497,-338.0,0.0,-2.785011,38,2
40,vg_v1@9713344,vg_v1,9713344,1974,456,0,1518,0.231,-0.847829,-147.3,-1.98295,0.399323,-0.237962,0.0,-1.609438,41,-1,41,-1.98295,-344.5,0.0,-4.442651,48,-7
41,siege_v2@9713344,siege_v2,9713344,1974,446,0,1528,0.2259,-0.863796,-150.1,-1.864324,0.614974,0.107758,0.0,-1.609438,42,-1,39,-1.864324,-323.9,0.0,-2.423538,28,11
42,attack_wave_v1@9713344,attack_wave_v1,9713344,1974,410,0,1564,0.2077,-0.921275,-160.0,-2.009406,0.652766,0.14777,0.0,-1.609438,43,-1,42,-2.009406,-349.1,0.0,-2.785011,36,6
43,jonbot@9713344,jonbot,9713344,1974,390,0,1584,0.1976,-0.953209,-165.6,-2.102755,0.252595,0.582957,0.0,-1.609438,44,-1,44,-2.102755,-365.3,0.0,-4.442651,46,-2
44,frontier_v2@9713344,frontier_v2,9713344,1974,379,0,1595,0.192,-0.970772,-168.6,-2.11434,0.595783,0.244794,0.0,-1.156783,20,24,45,-2.11434,-367.3,0.0,-2.785011,39,6
45,siege_v1@9713344,siege_v1,9713344,1974,373,0,1601,0.189,-0.980352,-170.3,-2.075991,0.623106,0.319642,0.0,-1.609438,45,0,43,-2.075991,-360.6,0.0,-2.785011,40,3
46,frontier_v1@9713344,frontier_v1,9713344,1974,362,0,1612,0.1834,-0.997915,-173.4,-2.115795,0.242878,0.37019,0.0,-1.609438,46,0,46,-2.115795,-367.6,0.0,-3.320228,43,3
47,luc_1@604349b,luc_1,604349b,1974,357,0,1617,0.1809,-1.005899,-174.7,-2.302756,-0.175914,-0.082609,0.0,-1.609438,47,0,47,-2.302756,-400.0,0.0,-4.442651,47,0
48,lockin@9713344,lockin,9713344,1974,344,0,1630,0.1743,-1.026655,-178.3,-2.380285,-0.27135,-0.055511,0.0,-1.609438,48,0,48,-2.380285,-413.5,0.0,-4.442651,45,3
