match_id,tournament_id,bot_id,bot_name,bot_commit,map,seed,guard_tle_ms,result,match_status,error,turns,samples,min_turn_us,p25_turn_us,p50_turn_us,p75_turn_us,max_turn_us,max_round,timeouts,bot_exceptions,terminal_starts,close_threshold_us,limit_us,host,lsf_job,finished_at
e097415d55d9b81a,auto-ba3ec692f839,vidar2@544eeb3,vidar2,544eeb3,atoll,1,12,pass,ok,,27,147,53,74,632,1265,3918,2,0,0,0,9000,10000,n-62-31-10,29027833,2026-08-04T23:26:23+0200
2ed2ae208ce23bd8,auto-ba3ec692f839,vidar2@544eeb3,vidar2,544eeb3,aurora,1,12,pass,ok,,27,136,61,77,849,1953,5507,2,0,0,0,9000,10000,n-62-31-10,29027833,2026-08-04T23:26:27+0200
28d69d1d40e638c1,auto-ba3ec692f839,vidar2@544eeb3,vidar2,544eeb3,bridge,1,12,pass,ok,,27,140,48,78,694,1083,2485,11,0,0,0,9000,10000,n-62-31-10,29027833,2026-08-04T23:26:31+0200
96b2843c77c9c463,auto-ba3ec692f839,vidar2@544eeb3,vidar2,544eeb3,crossfire,1,12,pass,ok,,27,159,56,78,135,1211,4104,18,0,0,0,9000,10000,n-62-31-10,29027833,2026-08-04T23:26:35+0200
1b64fb2f0306f206,auto-ba3ec692f839,vidar2@544eeb3,vidar2,544eeb3,duel,1,12,pass,ok,,27,157,59,78,115,1178,3507,17,0,0,0,9000,10000,n-62-31-10,29027833,2026-08-04T23:26:38+0200
2580c099fabe012a,auto-ba3ec692f839,vidar2@544eeb3,vidar2,544eeb3,fjord,1,12,pass,ok,,27,140,57,74,709,1520,4324,2,0,0,0,9000,10000,n-62-31-10,29027833,2026-08-04T23:26:42+0200
4d8c396c5d0a75e0,auto-ba3ec692f839,vidar2@544eeb3,vidar2,544eeb3,hive,1,12,pass,ok,,27,137,60,80,1044,1956,6174,2,0,0,0,9000,10000,n-62-31-10,29027833,2026-08-04T23:26:45+0200
82c6e3e9304231f9,auto-ba3ec692f839,vidar2@544eeb3,vidar2,544eeb3,jackpot,1,12,pass,ok,,27,142,54,73,672,1205,3340,2,0,0,0,9000,10000,n-62-31-10,29027833,2026-08-04T23:26:49+0200
805755345adcf5cf,auto-ba3ec692f839,vidar2@544eeb3,vidar2,544eeb3,longship,1,12,pass,ok,,27,138,52,72,834,1685,3868,14,0,0,0,9000,10000,n-62-31-10,29027833,2026-08-04T23:26:52+0200
d2b0f17cf658b0af,auto-ba3ec692f839,vidar2@544eeb3,vidar2,544eeb3,pinch,1,12,pass,ok,,27,145,54,83,869,1470,4056,20,0,0,0,9000,10000,n-62-31-10,29027833,2026-08-04T23:26:56+0200
fa06a978c37409da,auto-ba3ec692f839,vidar2@544eeb3,vidar2,544eeb3,quarry,1,12,pass,ok,,27,132,43,64,1058,1812,5484,2,0,0,0,9000,10000,n-62-31-13,29027833,2026-08-04T23:24:27+0200
b91481aa06e1b223,auto-ba3ec692f839,vidar2@544eeb3,vidar2,544eeb3,runestone,1,12,pass,ok,,27,140,41,58,763,1583,5440,2,0,0,0,9000,10000,n-62-31-13,29027833,2026-08-04T23:24:31+0200
ba3aabf294641f69,auto-ba3ec692f839,vidar2@544eeb3,vidar2,544eeb3,showdown,1,12,pass,ok,,27,183,48,54,69,1001,5360,4,0,0,0,9000,10000,n-62-31-13,29027833,2026-08-04T23:24:35+0200
9d9f0c0dadca3211,auto-ba3ec692f839,vidar2@544eeb3,vidar2,544eeb3,skerry,1,12,pass,ok,,27,141,47,66,702,1483,5215,2,0,0,0,9000,10000,n-62-31-13,29027833,2026-08-04T23:24:38+0200
0fda3e2f7564b5ec,auto-ba3ec692f839,vidar2@544eeb3,vidar2,544eeb3,sprint,1,12,pass,ok,,27,167,47,70,86,993,3012,5,0,0,0,9000,10000,n-62-31-13,29027833,2026-08-04T23:24:41+0200
5b7d36fd949684a0,auto-ba3ec692f839,vidar2@544eeb3,vidar2,544eeb3,strait,1,12,pass,ok,,27,136,46,74,904,1747,3934,2,0,0,0,9000,10000,n-62-31-13,29027833,2026-08-04T23:24:45+0200
a57b44ec971c564d,auto-ba3ec692f839,vidar2@544eeb3,vidar2,544eeb3,string,1,12,pass,ok,,27,162,46,63,104,893,3875,14,0,0,0,9000,10000,n-62-31-13,29027833,2026-08-04T23:24:49+0200
7e6a124618f52dc6,auto-ba3ec692f839,vidar2@544eeb3,vidar2,544eeb3,sweden,1,12,pass,ok,,27,136,46,69,846,1408,3108,2,0,0,0,9000,10000,n-62-31-13,29027833,2026-08-04T23:24:53+0200
c554197162f6650d,auto-ba3ec692f839,vidar2@544eeb3,vidar2,544eeb3,twins,1,12,pass,ok,,27,136,46,66,854,1619,3674,2,0,0,0,9000,10000,n-62-31-13,29027833,2026-08-04T23:24:56+0200
88c58df0b1cb195f,auto-ba3ec692f839,vidar2@544eeb3,vidar2,544eeb3,vase,1,12,pass,ok,,27,155,45,62,187,957,2249,4,0,0,0,9000,10000,n-62-31-13,29027833,2026-08-04T23:25:00+0200
9fe49533219cb94e,auto-ba3ec692f839,vidar2@544eeb3,vidar2,544eeb3,vault,1,12,pass,ok,,27,137,48,66,868,1521,5662,2,0,0,0,9000,10000,n-62-31-13,29027833,2026-08-04T23:25:04+0200
b4012b413ea69e2d,auto-ba3ec692f839,vidar2_b3@544eeb3,vidar2_b3,544eeb3,atoll,1,12,pass,ok,,27,147,45,63,611,1211,4646,2,0,0,0,9000,10000,n-62-31-13,29027833,2026-08-04T23:25:08+0200
ddb5fc11452b8cdb,auto-ba3ec692f839,vidar2_b3@544eeb3,vidar2_b3,544eeb3,aurora,1,12,pass,ok,,27,136,47,67,800,1868,6540,2,0,0,0,9000,10000,n-62-31-13,29027833,2026-08-04T23:25:12+0200
3945fed9ee106de9,auto-ba3ec692f839,vidar2_b3@544eeb3,vidar2_b3,544eeb3,bridge,1,12,pass,ok,,27,140,42,65,647,1031,2428,11,0,0,0,9000,10000,n-62-31-13,29027833,2026-08-04T23:25:16+0200
4b12f28a76a14b74,auto-ba3ec692f839,vidar2_b3@544eeb3,vidar2_b3,544eeb3,crossfire,1,12,pass,ok,,27,159,42,65,110,1142,4509,22,0,0,0,9000,10000,n-62-31-13,29027833,2026-08-04T23:25:20+0200
7406f25a18505800,auto-ba3ec692f839,vidar2_b3@544eeb3,vidar2_b3,544eeb3,duel,1,12,pass,ok,,27,157,46,68,129,1107,3345,2,0,0,0,9000,10000,n-62-31-13,29027833,2026-08-04T23:25:24+0200
1efa3d1c6a396010,auto-ba3ec692f839,vidar2_b3@544eeb3,vidar2_b3,544eeb3,fjord,1,12,pass,ok,,27,140,46,64,775,1431,4691,4,0,0,0,9000,10000,n-62-31-13,29027833,2026-08-04T23:25:28+0200
5a9da649cd5d893e,auto-ba3ec692f839,vidar2_b3@544eeb3,vidar2_b3,544eeb3,hive,1,12,pass,ok,,27,137,46,71,997,1879,6046,2,0,0,0,9000,10000,n-62-31-13,29027833,2026-08-04T23:25:32+0200
79089108d64ae1c2,auto-ba3ec692f839,vidar2_b3@544eeb3,vidar2_b3,544eeb3,jackpot,1,12,pass,ok,,27,142,43,66,690,1225,3292,2,0,0,0,9000,10000,n-62-31-13,29027833,2026-08-04T23:25:36+0200
12a256bbd27f25e3,auto-ba3ec692f839,vidar2_b3@544eeb3,vidar2_b3,544eeb3,longship,1,12,pass,ok,,27,138,44,61,787,1568,3913,2,0,0,0,9000,10000,n-62-31-13,29027833,2026-08-04T23:25:40+0200
69ee25557f9dd5b1,auto-ba3ec692f839,vidar2_b3@544eeb3,vidar2_b3,544eeb3,pinch,1,12,pass,ok,,27,145,46,72,824,1393,4046,14,0,0,0,9000,10000,n-62-31-7,29027833,2026-08-04T23:24:28+0200
ecd72365a490f3bb,auto-ba3ec692f839,vidar2_b3@544eeb3,vidar2_b3,544eeb3,quarry,1,12,pass,ok,,27,132,44,65,1053,1811,6116,2,0,0,0,9000,10000,n-62-31-7,29027833,2026-08-04T23:24:31+0200
873165f393078ea4,auto-ba3ec692f839,vidar2_b3@544eeb3,vidar2_b3,544eeb3,runestone,1,12,pass,ok,,27,140,42,64,758,1583,5407,2,0,0,0,9000,10000,n-62-31-7,29027833,2026-08-04T23:24:35+0200
18511e965e0131bf,auto-ba3ec692f839,vidar2_b3@544eeb3,vidar2_b3,544eeb3,showdown,1,12,pass,ok,,27,183,48,54,64,1003,8163,2,0,0,0,9000,10000,n-62-31-7,29027833,2026-08-04T23:24:39+0200
dbae5db785bb4910,auto-ba3ec692f839,vidar2_b3@544eeb3,vidar2_b3,544eeb3,skerry,1,12,pass,ok,,27,141,46,64,700,1444,5254,2,0,0,0,9000,10000,n-62-31-7,29027833,2026-08-04T23:24:43+0200
a8676935fd046adc,auto-ba3ec692f839,vidar2_b3@544eeb3,vidar2_b3,544eeb3,sprint,1,12,pass,ok,,27,167,46,68,97,1049,3289,4,0,0,0,9000,10000,n-62-31-7,29027833,2026-08-04T23:24:47+0200
9a5c6e94ed50fab8,auto-ba3ec692f839,vidar2_b3@544eeb3,vidar2_b3,544eeb3,strait,1,12,pass,ok,,27,136,46,67,897,1717,4012,2,0,0,0,9000,10000,n-62-31-7,29027833,2026-08-04T23:24:51+0200
e94274739d31a36a,auto-ba3ec692f839,vidar2_b3@544eeb3,vidar2_b3,544eeb3,string,1,12,pass,ok,,27,162,46,64,105,905,4121,14,0,0,0,9000,10000,n-62-31-7,29027833,2026-08-04T23:24:55+0200
99c99973b3386f51,auto-ba3ec692f839,vidar2_b3@544eeb3,vidar2_b3,544eeb3,sweden,1,12,pass,ok,,27,136,46,68,853,1400,2514,22,0,0,0,9000,10000,n-62-31-7,29027833,2026-08-04T23:24:59+0200
e90dee2858916d91,auto-ba3ec692f839,vidar2_b3@544eeb3,vidar2_b3,544eeb3,twins,1,12,pass,ok,,27,136,46,67,874,1617,3671,2,0,0,0,9000,10000,n-62-31-7,29027833,2026-08-04T23:25:02+0200
9ac0c1b99b33e7b2,auto-ba3ec692f839,vidar2_b3@544eeb3,vidar2_b3,544eeb3,vase,1,12,pass,ok,,27,155,46,63,163,979,2223,7,0,0,0,9000,10000,n-62-31-7,29027833,2026-08-04T23:25:07+0200
5de967f4c04a3e9b,auto-ba3ec692f839,vidar2_b3@544eeb3,vidar2_b3,544eeb3,vault,1,12,pass,ok,,27,137,46,65,773,1437,5644,2,0,0,0,9000,10000,n-62-31-7,29027833,2026-08-04T23:25:10+0200
3a4a1204c9d929c2,auto-ba3ec692f839,vidar2_c2@544eeb3,vidar2_c2,544eeb3,atoll,1,12,pass,ok,,27,147,44,63,610,1211,4869,2,0,0,0,9000,10000,n-62-31-7,29027833,2026-08-04T23:25:14+0200
c65f38ae14b46dbd,auto-ba3ec692f839,vidar2_c2@544eeb3,vidar2_c2,544eeb3,aurora,1,12,pass,ok,,27,136,46,67,815,1856,6247,2,0,0,0,9000,10000,n-62-31-7,29027833,2026-08-04T23:25:18+0200
aed062666415e2cd,auto-ba3ec692f839,vidar2_c2@544eeb3,vidar2_c2,544eeb3,bridge,1,12,pass,ok,,27,140,43,66,655,1019,2727,11,0,0,0,9000,10000,n-62-31-7,29027833,2026-08-04T23:25:22+0200
c67a2823f6b2ce93,auto-ba3ec692f839,vidar2_c2@544eeb3,vidar2_c2,544eeb3,crossfire,1,12,pass,ok,,27,159,43,65,125,1153,4671,2,0,0,0,9000,10000,n-62-31-7,29027833,2026-08-04T23:25:26+0200
1050e01dca548f33,auto-ba3ec692f839,vidar2_c2@544eeb3,vidar2_c2,544eeb3,duel,1,12,pass,ok,,27,157,46,68,150,1147,4120,2,0,0,0,9000,10000,n-62-31-7,29027833,2026-08-04T23:25:30+0200
92128d559cf38fbc,auto-ba3ec692f839,vidar2_c2@544eeb3,vidar2_c2,544eeb3,fjord,1,12,pass,ok,,27,140,41,64,691,1398,4794,2,0,0,0,9000,10000,n-62-31-7,29027833,2026-08-04T23:25:34+0200
94dfc834d25da219,auto-ba3ec692f839,vidar2_c2@544eeb3,vidar2_c2,544eeb3,hive,1,12,pass,ok,,27,137,46,69,993,1859,6499,2,0,0,0,9000,10000,n-62-31-7,29027833,2026-08-04T23:25:38+0200
0e4191a9aefc6500,auto-ba3ec692f839,vidar2_c2@544eeb3,vidar2_c2,544eeb3,jackpot,1,12,pass,ok,,27,142,41,61,674,1109,3470,2,0,0,0,9000,10000,n-62-31-7,29027833,2026-08-04T23:25:42+0200
a49ab2480e8d6650,auto-ba3ec692f839,vidar2_c2@544eeb3,vidar2_c2,544eeb3,longship,1,12,pass,ok,,27,138,28,49,529,1167,3573,2,0,0,0,9000,10000,n-62-11-50,29027833,2026-08-04T23:24:29+0200
8fa22d52c4c3d160,auto-ba3ec692f839,vidar2_c2@544eeb3,vidar2_c2,544eeb3,pinch,1,12,pass,ok,,27,145,29,48,504,902,3295,14,0,0,0,9000,10000,n-62-11-50,29027833,2026-08-04T23:24:34+0200
94b87ee063f6e778,auto-ba3ec692f839,vidar2_c2@544eeb3,vidar2_c2,544eeb3,quarry,1,12,pass,ok,,27,132,32,54,600,1323,4241,14,0,0,0,9000,10000,n-62-11-50,29027833,2026-08-04T23:24:37+0200
d9fb35bd3ed98039,auto-ba3ec692f839,vidar2_c2@544eeb3,vidar2_c2,544eeb3,runestone,1,12,pass,ok,,27,140,27,47,474,1156,3993,2,0,0,0,9000,10000,n-62-11-50,29027833,2026-08-04T23:24:41+0200
5a9abd620210a411,auto-ba3ec692f839,vidar2_c2@544eeb3,vidar2_c2,544eeb3,showdown,1,12,pass,ok,,27,158,29,42,83,765,4568,2,0,0,0,9000,10000,n-62-11-50,29027833,2026-08-04T23:24:45+0200
c4a89dbca70c3871,auto-ba3ec692f839,vidar2_c2@544eeb3,vidar2_c2,544eeb3,skerry,1,12,pass,ok,,27,141,39,55,453,1122,4278,2,0,0,0,9000,10000,n-62-11-50,29027833,2026-08-04T23:24:50+0200
810189b70fcbce69,auto-ba3ec692f839,vidar2_c2@544eeb3,vidar2_c2,544eeb3,sprint,1,12,pass,ok,,27,167,26,46,59,625,2399,6,0,0,0,9000,10000,n-62-11-50,29027833,2026-08-04T23:24:54+0200
bf50b7569003515e,auto-ba3ec692f839,vidar2_c2@544eeb3,vidar2_c2,544eeb3,strait,1,12,pass,ok,,27,136,40,52,581,1242,3119,2,0,0,0,9000,10000,n-62-11-50,29027833,2026-08-04T23:24:58+0200
0ae7fb40c8dcd04f,auto-ba3ec692f839,vidar2_c2@544eeb3,vidar2_c2,544eeb3,string,1,12,pass,ok,,27,162,30,49,94,593,2665,16,0,0,0,9000,10000,n-62-11-50,29027833,2026-08-04T23:25:02+0200
6ba434246df213f4,auto-ba3ec692f839,vidar2_c2@544eeb3,vidar2_c2,544eeb3,sweden,1,12,pass,ok,,27,136,31,46,492,962,3014,2,0,0,0,9000,10000,n-62-11-50,29027833,2026-08-04T23:25:06+0200
baa4538a3aec253b,auto-ba3ec692f839,vidar2_c2@544eeb3,vidar2_c2,544eeb3,twins,1,12,pass,ok,,27,136,28,48,551,1123,3180,2,0,0,0,9000,10000,n-62-11-50,29027833,2026-08-04T23:25:10+0200
ff9f1c0502aa5ac6,auto-ba3ec692f839,vidar2_c2@544eeb3,vidar2_c2,544eeb3,vase,1,12,pass,ok,,27,155,27,43,131,629,1650,7,0,0,0,9000,10000,n-62-11-50,29027833,2026-08-04T23:25:14+0200
dfb8bf77a0058c4b,auto-ba3ec692f839,vidar2_c2@544eeb3,vidar2_c2,544eeb3,vault,1,12,pass,ok,,27,137,27,44,446,1116,4618,7,0,0,0,9000,10000,n-62-11-50,29027833,2026-08-04T23:25:18+0200
4e9651780c21c187,auto-ba3ec692f839,vidar2_g3@544eeb3,vidar2_g3,544eeb3,atoll,1,12,pass,ok,,27,147,34,44,358,825,4122,2,0,0,0,9000,10000,n-62-11-50,29027833,2026-08-04T23:25:22+0200
f9df005e328dc49b,auto-ba3ec692f839,vidar2_g3@544eeb3,vidar2_g3,544eeb3,aurora,1,12,pass,ok,,27,136,35,42,475,1367,5017,2,0,0,0,9000,10000,n-62-11-50,29027833,2026-08-04T23:25:26+0200
783ac527be27d4b9,auto-ba3ec692f839,vidar2_g3@544eeb3,vidar2_g3,544eeb3,bridge,1,12,pass,ok,,27,140,29,50,433,644,2099,14,0,0,0,9000,10000,n-62-11-50,29027833,2026-08-04T23:25:30+0200
7b615f46708b24ec,auto-ba3ec692f839,vidar2_g3@544eeb3,vidar2_g3,544eeb3,crossfire,1,12,pass,ok,,27,159,34,51,100,735,3143,18,0,0,0,9000,10000,n-62-11-50,29027833,2026-08-04T23:25:34+0200
4d6e043474d44a62,auto-ba3ec692f839,vidar2_g3@544eeb3,vidar2_g3,544eeb3,duel,1,12,pass,ok,,27,157,35,53,102,720,3099,2,0,0,0,9000,10000,n-62-11-50,29027833,2026-08-04T23:25:39+0200
cb86940f288702b2,auto-ba3ec692f839,vidar2_g3@544eeb3,vidar2_g3,544eeb3,fjord,1,12,pass,ok,,27,140,36,44,428,979,3949,2,0,0,0,9000,10000,n-62-11-50,29027833,2026-08-04T23:25:43+0200
bccae10d108469ed,auto-ba3ec692f839,vidar2_g3@544eeb3,vidar2_g3,544eeb3,hive,1,12,pass,ok,,27,137,35,55,625,1400,4939,2,0,0,0,9000,10000,n-62-11-50,29027833,2026-08-04T23:25:47+0200
5476a23d74a07fe3,auto-ba3ec692f839,vidar2_g3@544eeb3,vidar2_g3,544eeb3,jackpot,1,12,pass,ok,,27,142,44,66,696,1117,2575,2,0,0,0,9000,10000,n-62-31-5,29027833,2026-08-04T23:24:40+0200
39fba04a757230b5,auto-ba3ec692f839,vidar2_g3@544eeb3,vidar2_g3,544eeb3,longship,1,12,pass,ok,,27,138,46,63,802,1597,4200,2,0,0,0,9000,10000,n-62-31-5,29027833,2026-08-04T23:24:43+0200
aaacab6d40e3f1dc,auto-ba3ec692f839,vidar2_g3@544eeb3,vidar2_g3,544eeb3,pinch,1,12,pass,ok,,27,145,45,76,839,1456,4190,14,0,0,0,9000,10000,n-62-31-5,29027833,2026-08-04T23:24:47+0200
09cb467b1c5ac866,auto-ba3ec692f839,vidar2_g3@544eeb3,vidar2_g3,544eeb3,quarry,1,12,pass,ok,,27,132,45,68,1077,1818,6137,2,0,0,0,9000,10000,n-62-31-5,29027833,2026-08-04T23:24:50+0200
a2dbdb91bee5c934,auto-ba3ec692f839,vidar2_g3@544eeb3,vidar2_g3,544eeb3,runestone,1,12,pass,ok,,27,140,42,61,755,1616,5103,2,0,0,0,9000,10000,n-62-31-5,29027833,2026-08-04T23:24:54+0200
d808c015e1c01684,auto-ba3ec692f839,vidar2_g3@544eeb3,vidar2_g3,544eeb3,showdown,1,12,pass,ok,,27,183,47,55,65,1003,5063,4,0,0,0,9000,10000,n-62-31-5,29027833,2026-08-04T23:24:58+0200
09321eb0960c138f,auto-ba3ec692f839,vidar2_g3@544eeb3,vidar2_g3,544eeb3,skerry,1,12,pass,ok,,27,141,47,66,722,1453,4407,5,0,0,0,9000,10000,n-62-31-5,29027833,2026-08-04T23:25:02+0200
00dc90ca0eade59e,auto-ba3ec692f839,vidar2_g3@544eeb3,vidar2_g3,544eeb3,sprint,1,12,pass,ok,,27,167,47,71,91,1007,3418,6,0,0,0,9000,10000,n-62-31-5,29027833,2026-08-04T23:25:06+0200
5a5ab32ecf38baec,auto-ba3ec692f839,vidar2_g3@544eeb3,vidar2_g3,544eeb3,strait,1,12,pass,ok,,27,136,46,69,915,1726,4008,2,0,0,0,9000,10000,n-62-31-5,29027833,2026-08-04T23:25:09+0200
e70230d5fb4ed018,auto-ba3ec692f839,vidar2_g3@544eeb3,vidar2_g3,544eeb3,string,1,12,pass,ok,,27,162,47,67,91,888,3936,14,0,0,0,9000,10000,n-62-31-5,29027833,2026-08-04T23:25:13+0200
3a3a950c7449fe9a,auto-ba3ec692f839,vidar2_g3@544eeb3,vidar2_g3,544eeb3,sweden,1,12,pass,ok,,27,136,47,72,851,1430,2586,24,0,0,0,9000,10000,n-62-31-5,29027833,2026-08-04T23:25:17+0200
ec7e8d9dcd78b062,auto-ba3ec692f839,vidar2_g3@544eeb3,vidar2_g3,544eeb3,twins,1,12,pass,ok,,27,136,47,72,897,1632,4478,2,0,0,0,9000,10000,n-62-31-5,29027833,2026-08-04T23:25:20+0200
3955567d99e9c762,auto-ba3ec692f839,vidar2_g3@544eeb3,vidar2_g3,544eeb3,vase,1,12,pass,ok,,27,155,45,63,121,931,2404,4,0,0,0,9000,10000,n-62-31-5,29027833,2026-08-04T23:25:24+0200
0d49e977dab3ab7c,auto-ba3ec692f839,vidar2_g3@544eeb3,vidar2_g3,544eeb3,vault,1,12,pass,ok,,27,137,50,70,830,1519,5021,2,0,0,0,9000,10000,n-62-31-5,29027833,2026-08-04T23:25:27+0200
a56c15794a52dc79,auto-ba3ec692f839,vidar@544eeb3,vidar,544eeb3,atoll,1,12,pass,ok,,27,147,49,65,643,1208,5166,2,0,0,0,9000,10000,n-62-31-5,29027833,2026-08-04T23:25:31+0200
4726d68feb29e702,auto-ba3ec692f839,vidar@544eeb3,vidar,544eeb3,aurora,1,12,pass,ok,,27,136,50,69,829,1875,6313,2,0,0,0,9000,10000,n-62-31-5,29027833,2026-08-04T23:25:34+0200
12161c53e2909cdc,auto-ba3ec692f839,vidar@544eeb3,vidar,544eeb3,bridge,1,12,pass,ok,,27,140,45,69,667,1048,2440,14,0,0,0,9000,10000,n-62-31-5,29027833,2026-08-04T23:25:38+0200
ecb57ddc393623f3,auto-ba3ec692f839,vidar@544eeb3,vidar,544eeb3,crossfire,1,12,pass,ok,,27,159,44,70,103,1161,3807,18,0,0,0,9000,10000,n-62-31-5,29027833,2026-08-04T23:25:42+0200
ba1b28aaa43f9cb6,auto-ba3ec692f839,vidar@544eeb3,vidar,544eeb3,duel,1,12,pass,ok,,27,157,49,73,127,1148,3334,17,0,0,0,9000,10000,n-62-31-5,29027833,2026-08-04T23:25:46+0200
48f4d7ce197f5a24,auto-ba3ec692f839,vidar@544eeb3,vidar,544eeb3,fjord,1,12,pass,ok,,27,140,47,68,718,1442,4869,2,0,0,0,9000,10000,n-62-31-5,29027833,2026-08-04T23:25:50+0200
80e3dcddfde9f3a2,auto-ba3ec692f839,vidar@544eeb3,vidar,544eeb3,hive,1,12,pass,ok,,27,137,40,57,777,1573,4543,2,0,0,0,9000,10000,n-62-29-20,29027833,2026-08-04T23:24:48+0200
4e1e534c37cba3b2,auto-ba3ec692f839,vidar@544eeb3,vidar,544eeb3,jackpot,1,12,pass,ok,,27,142,39,51,487,907,2312,2,0,0,0,9000,10000,n-62-29-20,29027833,2026-08-04T23:24:51+0200
bd7c54e4f034a16b,auto-ba3ec692f839,vidar@544eeb3,vidar,544eeb3,longship,1,12,pass,ok,,27,138,35,51,607,1318,2923,2,0,0,0,9000,10000,n-62-29-20,29027833,2026-08-04T23:24:54+0200
62ee0d8a416fb06c,auto-ba3ec692f839,vidar@544eeb3,vidar,544eeb3,pinch,1,12,pass,ok,,27,145,37,61,610,1080,3249,20,0,0,0,9000,10000,n-62-29-20,29027833,2026-08-04T23:24:58+0200
a0a9519752202439,auto-ba3ec692f839,vidar@544eeb3,vidar,544eeb3,quarry,1,12,pass,ok,,27,132,38,54,791,1491,4288,2,0,0,0,9000,10000,n-62-29-20,29027833,2026-08-04T23:25:01+0200
2a430e9166f45a07,auto-ba3ec692f839,vidar@544eeb3,vidar,544eeb3,runestone,1,12,pass,ok,,27,140,36,54,593,1334,4254,20,0,0,0,9000,10000,n-62-29-20,29027833,2026-08-04T23:25:04+0200
dcd0d1fe42de7be4,auto-ba3ec692f839,vidar@544eeb3,vidar,544eeb3,showdown,1,12,pass,ok,,27,183,39,60,70,803,4147,2,0,0,0,9000,10000,n-62-29-20,29027833,2026-08-04T23:25:08+0200
d449630dd482da9b,auto-ba3ec692f839,vidar@544eeb3,vidar,544eeb3,skerry,1,12,pass,ok,,27,141,39,52,535,1209,3989,2,0,0,0,9000,10000,n-62-29-20,29027833,2026-08-04T23:25:11+0200
3892c6c4a5dddf50,auto-ba3ec692f839,vidar@544eeb3,vidar,544eeb3,sprint,1,12,pass,ok,,27,167,39,60,85,779,2602,6,0,0,0,9000,10000,n-62-29-20,29027833,2026-08-04T23:25:15+0200
6c5bc7ac40d6258a,auto-ba3ec692f839,vidar@544eeb3,vidar,544eeb3,strait,1,12,pass,ok,,27,136,39,54,708,1415,2896,2,0,0,0,9000,10000,n-62-29-20,29027833,2026-08-04T23:25:18+0200
a1cf0405eb0fbb56,auto-ba3ec692f839,vidar@544eeb3,vidar,544eeb3,string,1,12,pass,ok,,27,162,39,59,85,680,3032,13,0,0,0,9000,10000,n-62-29-20,29027833,2026-08-04T23:25:21+0200
2446b629f654822a,auto-ba3ec692f839,vidar@544eeb3,vidar,544eeb3,sweden,1,12,pass,ok,,27,136,39,56,629,1113,2250,24,0,0,0,9000,10000,n-62-29-20,29027833,2026-08-04T23:25:24+0200
3d33fc31508383cd,auto-ba3ec692f839,vidar@544eeb3,vidar,544eeb3,twins,1,12,pass,ok,,27,136,40,55,667,1323,2795,2,0,0,0,9000,10000,n-62-29-20,29027833,2026-08-04T23:25:27+0200
e2f1f18934dba6ad,auto-ba3ec692f839,vidar@544eeb3,vidar,544eeb3,vase,1,12,pass,ok,,27,155,39,55,108,718,1935,7,0,0,0,9000,10000,n-62-29-20,29027833,2026-08-04T23:25:30+0200
676b122b1fdeb336,auto-ba3ec692f839,vidar@544eeb3,vidar,544eeb3,vault,1,12,pass,ok,,27,137,39,51,600,1223,4428,2,0,0,0,9000,10000,n-62-29-20,29027833,2026-08-04T23:25:33+0200
409d86ddbc877906,auto-ba3ec692f839,vidar_e7@544eeb3,vidar_e7,544eeb3,atoll,1,12,pass,ok,,27,147,40,53,454,951,3357,2,0,0,0,9000,10000,n-62-29-20,29027833,2026-08-04T23:25:37+0200
5202237f70c45451,auto-ba3ec692f839,vidar_e7@544eeb3,vidar_e7,544eeb3,aurora,1,12,pass,ok,,27,136,40,56,601,1583,4742,2,0,0,0,9000,10000,n-62-29-20,29027833,2026-08-04T23:25:40+0200
fbb87826619570f1,auto-ba3ec692f839,vidar_e7@544eeb3,vidar_e7,544eeb3,bridge,1,12,pass,ok,,27,140,37,55,499,811,1944,19,0,0,0,9000,10000,n-62-29-20,29027833,2026-08-04T23:25:43+0200
38eff0437d77c5d4,auto-ba3ec692f839,vidar_e7@544eeb3,vidar_e7,544eeb3,crossfire,1,12,pass,ok,,27,159,37,56,83,885,3464,18,0,0,0,9000,10000,n-62-29-20,29027833,2026-08-04T23:25:46+0200
c8a581654889e230,auto-ba3ec692f839,vidar_e7@544eeb3,vidar_e7,544eeb3,duel,1,12,pass,ok,,27,157,38,58,96,844,3013,17,0,0,0,9000,10000,n-62-29-20,29027833,2026-08-04T23:25:50+0200
f1369926597649e5,auto-ba3ec692f839,vidar_e7@544eeb3,vidar_e7,544eeb3,fjord,1,12,pass,ok,,27,140,51,62,555,1250,3779,2,0,0,0,9000,10000,n-62-29-29,29027833,2026-08-04T23:24:53+0200
f69da10eadd56f1d,auto-ba3ec692f839,vidar_e7@544eeb3,vidar_e7,544eeb3,hive,1,12,pass,ok,,27,137,55,73,837,1706,4441,2,0,0,0,9000,10000,n-62-29-29,29027833,2026-08-04T23:24:56+0200
5f8e35b4d2cf0ad0,auto-ba3ec692f839,vidar_e7@544eeb3,vidar_e7,544eeb3,jackpot,1,12,pass,ok,,27,142,42,56,496,932,2362,2,0,0,0,9000,10000,n-62-29-29,29027833,2026-08-04T23:25:00+0200
679313908a76048e,auto-ba3ec692f839,vidar_e7@544eeb3,vidar_e7,544eeb3,longship,1,12,pass,ok,,27,138,38,54,609,1336,2988,2,0,0,0,9000,10000,n-62-29-29,29027833,2026-08-04T23:25:03+0200
b6d4068734b0ac08,auto-ba3ec692f839,vidar_e7@544eeb3,vidar_e7,544eeb3,pinch,1,12,pass,ok,,27,145,50,72,622,1147,3516,20,0,0,0,9000,10000,n-62-29-29,29027833,2026-08-04T23:25:07+0200
9f94ce1fed50d256,auto-ba3ec692f839,vidar_e7@544eeb3,vidar_e7,544eeb3,quarry,1,12,pass,ok,,27,132,48,59,827,1554,4367,2,0,0,0,9000,10000,n-62-29-29,29027833,2026-08-04T23:25:10+0200
0074d3ccd35f9064,auto-ba3ec692f839,vidar_e7@544eeb3,vidar_e7,544eeb3,runestone,1,12,pass,ok,,27,140,43,59,622,1355,4262,20,0,0,0,9000,10000,n-62-29-29,29027833,2026-08-04T23:25:14+0200
d3f95399c68aa8e0,auto-ba3ec692f839,vidar_e7@544eeb3,vidar_e7,544eeb3,showdown,1,12,pass,ok,,27,183,45,66,76,818,4173,11,0,0,0,9000,10000,n-62-29-29,29027833,2026-08-04T23:25:17+0200
3af300ab429d03d0,auto-ba3ec692f839,vidar_e7@544eeb3,vidar_e7,544eeb3,skerry,1,12,pass,ok,,27,141,50,60,566,1253,4080,2,0,0,0,9000,10000,n-62-29-29,29027833,2026-08-04T23:25:21+0200
9ca39e778e9771b5,auto-ba3ec692f839,vidar_e7@544eeb3,vidar_e7,544eeb3,sprint,1,12,pass,ok,,27,167,50,70,93,807,2621,14,0,0,0,9000,10000,n-62-29-29,29027833,2026-08-04T23:25:24+0200
0a6861503814cf48,auto-ba3ec692f839,vidar_e7@544eeb3,vidar_e7,544eeb3,strait,1,12,pass,ok,,27,136,52,64,739,1453,3109,2,0,0,0,9000,10000,n-62-29-29,29027833,2026-08-04T23:25:27+0200
e0f90899647a30be,auto-ba3ec692f839,vidar_e7@544eeb3,vidar_e7,544eeb3,string,1,12,pass,ok,,27,162,39,62,95,668,3023,13,0,0,0,9000,10000,n-62-29-29,29027833,2026-08-04T23:25:31+0200
db351acf2cb5e3e4,auto-ba3ec692f839,vidar_e7@544eeb3,vidar_e7,544eeb3,sweden,1,12,pass,ok,,27,136,42,59,651,1144,2286,24,0,0,0,9000,10000,n-62-29-29,29027833,2026-08-04T23:25:34+0200
0235759b2766a234,auto-ba3ec692f839,vidar_e7@544eeb3,vidar_e7,544eeb3,twins,1,12,pass,ok,,27,136,42,61,686,1352,2806,2,0,0,0,9000,10000,n-62-29-29,29027833,2026-08-04T23:25:38+0200
b41c1be1f61a93de,auto-ba3ec692f839,vidar_e7@544eeb3,vidar_e7,544eeb3,vase,1,12,pass,ok,,27,155,44,71,112,767,1971,7,0,0,0,9000,10000,n-62-29-29,29027833,2026-08-04T23:25:41+0200
4f03af858c9034c5,auto-ba3ec692f839,vidar_e7@544eeb3,vidar_e7,544eeb3,vault,1,12,pass,ok,,27,137,53,63,666,1285,4515,2,0,0,0,9000,10000,n-62-29-29,29027833,2026-08-04T23:25:45+0200
5c7309d67bd41b13,auto-ba3ec692f839,vidar_field@544eeb3,vidar_field,544eeb3,atoll,1,12,pass,ok,,27,147,45,58,452,1010,3502,2,0,0,0,9000,10000,n-62-29-29,29027833,2026-08-04T23:25:48+0200
8a9d18839d1e912f,auto-ba3ec692f839,vidar_field@544eeb3,vidar_field,544eeb3,aurora,1,12,pass,ok,,27,136,52,64,641,1637,4822,2,0,0,0,9000,10000,n-62-29-29,29027833,2026-08-04T23:25:52+0200
a863eec58783721e,auto-ba3ec692f839,vidar_field@544eeb3,vidar_field,544eeb3,bridge,1,12,pass,ok,,27,140,41,58,528,805,2067,19,0,0,0,9000,10000,n-62-29-29,29027833,2026-08-04T23:25:55+0200
612a71c08c67912d,auto-ba3ec692f839,vidar_field@544eeb3,vidar_field,544eeb3,crossfire,1,12,pass,ok,,27,153,47,60,145,929,3290,10,0,0,0,9000,10000,n-62-29-29,29027833,2026-08-04T23:25:59+0200
0fd26b58b5cf8126,auto-ba3ec692f839,vidar_field@544eeb3,vidar_field,544eeb3,duel,1,12,pass,ok,,27,157,43,64,93,946,3191,6,0,0,0,9000,10000,n-62-21-104,29027833,2026-08-04T23:25:01+0200
5d8967559ad29be3,auto-ba3ec692f839,vidar_field@544eeb3,vidar_field,544eeb3,fjord,1,12,pass,ok,,27,140,36,59,598,1336,4308,2,0,0,0,9000,10000,n-62-21-104,29027833,2026-08-04T23:25:05+0200
b0b2c986e6596085,auto-ba3ec692f839,vidar_field@544eeb3,vidar_field,544eeb3,hive,1,12,pass,ok,,27,137,43,68,903,1796,5243,2,0,0,0,9000,10000,n-62-21-104,29027833,2026-08-04T23:25:08+0200
54ba7f134e96f395,auto-ba3ec692f839,vidar_field@544eeb3,vidar_field,544eeb3,jackpot,1,12,pass,ok,,27,142,37,60,552,1061,2670,2,0,0,0,9000,10000,n-62-21-104,29027833,2026-08-04T23:25:12+0200
c5e02509aeee3a04,auto-ba3ec692f839,vidar_field@544eeb3,vidar_field,544eeb3,longship,1,12,pass,ok,,27,138,43,58,669,1506,3283,2,0,0,0,9000,10000,n-62-21-104,29027833,2026-08-04T23:25:15+0200
6335c899b11576a6,auto-ba3ec692f839,vidar_field@544eeb3,vidar_field,544eeb3,pinch,1,12,pass,ok,,27,145,42,65,696,1253,3725,17,0,0,0,9000,10000,n-62-21-104,29027833,2026-08-04T23:25:19+0200
b74cd99ab7f2b16d,auto-ba3ec692f839,vidar_field@544eeb3,vidar_field,544eeb3,quarry,1,12,pass,ok,,27,132,42,65,936,1751,4874,2,0,0,0,9000,10000,n-62-21-104,29027833,2026-08-04T23:25:22+0200
f72330b946b1b745,auto-ba3ec692f839,vidar_field@544eeb3,vidar_field,544eeb3,runestone,1,12,pass,ok,,27,140,43,59,689,1545,4814,20,0,0,0,9000,10000,n-62-21-104,29027833,2026-08-04T23:25:26+0200
66b1715b1f4c0c71,auto-ba3ec692f839,vidar_field@544eeb3,vidar_field,544eeb3,showdown,1,12,pass,ok,,27,200,27,53,61,933,4766,7,0,0,0,9000,10000,n-62-21-104,29027833,2026-08-04T23:25:31+0200
32c775a45d3d6211,auto-ba3ec692f839,vidar_field@544eeb3,vidar_field,544eeb3,skerry,1,12,pass,ok,,27,141,43,59,616,1417,4559,2,0,0,0,9000,10000,n-62-21-104,29027833,2026-08-04T23:25:34+0200
cc47a77e102864b6,auto-ba3ec692f839,vidar_field@544eeb3,vidar_field,544eeb3,sprint,1,12,pass,ok,,27,167,42,63,73,878,2899,6,0,0,0,9000,10000,n-62-21-104,29027833,2026-08-04T23:25:38+0200
1c9a1854e904d69f,auto-ba3ec692f839,vidar_field@544eeb3,vidar_field,544eeb3,strait,1,12,pass,ok,,27,136,42,63,839,1604,3288,2,0,0,0,9000,10000,n-62-21-104,29027833,2026-08-04T23:25:41+0200
b7d8fe74c08ec780,auto-ba3ec692f839,vidar_field@544eeb3,vidar_field,544eeb3,string,1,12,pass,ok,,27,158,44,59,81,804,1870,24,0,0,0,9000,10000,n-62-21-104,29027833,2026-08-04T23:25:45+0200
68844728a4b69b61,auto-ba3ec692f839,vidar_field@544eeb3,vidar_field,544eeb3,sweden,1,12,pass,ok,,27,136,40,62,727,1306,2524,22,0,0,0,9000,10000,n-62-21-104,29027833,2026-08-04T23:25:48+0200
9a93244bcaee1d50,auto-ba3ec692f839,vidar_field@544eeb3,vidar_field,544eeb3,twins,1,12,pass,ok,,27,136,42,60,755,1494,3192,2,0,0,0,9000,10000,n-62-21-104,29027833,2026-08-04T23:25:52+0200
04b737fbeb4ad521,auto-ba3ec692f839,vidar_field@544eeb3,vidar_field,544eeb3,vase,1,12,pass,ok,,27,177,43,59,75,718,2473,8,0,0,0,9000,10000,n-62-21-104,29027833,2026-08-04T23:25:55+0200
1fe577ee249bc5f2,auto-ba3ec692f839,vidar_field@544eeb3,vidar_field,544eeb3,vault,1,12,pass,ok,,27,137,40,59,730,1428,4958,2,0,0,0,9000,10000,n-62-21-104,29027833,2026-08-04T23:25:59+0200
30f9e90a8abd48e4,auto-ba3ec692f839,vidar_guard@544eeb3,vidar_guard,544eeb3,atoll,1,12,pass,ok,,27,147,42,56,502,1120,3859,2,0,0,0,9000,10000,n-62-21-104,29027833,2026-08-04T23:26:02+0200
a4b5aeea44b0150c,auto-ba3ec692f839,vidar_guard@544eeb3,vidar_guard,544eeb3,aurora,1,12,pass,ok,,27,136,44,59,701,1818,5685,2,0,0,0,9000,10000,n-62-21-104,29027833,2026-08-04T23:26:06+0200
f2c60f5e58e9a319,auto-ba3ec692f839,vidar_guard@544eeb3,vidar_guard,544eeb3,bridge,1,12,pass,ok,,27,140,40,61,572,922,2221,19,0,0,0,9000,10000,n-62-21-104,29027833,2026-08-04T23:26:10+0200
8b14bb071d6e3ad0,auto-ba3ec692f839,vidar_guard@544eeb3,vidar_guard,544eeb3,crossfire,1,12,pass,ok,,27,153,40,59,152,943,3317,10,0,0,0,9000,10000,n-62-29-10,29027833,2026-08-04T23:25:03+0200
3515708c638bea19,auto-ba3ec692f839,vidar_guard@544eeb3,vidar_guard,544eeb3,duel,1,12,pass,ok,,27,157,46,61,86,860,2751,6,0,0,0,9000,10000,n-62-29-10,29027833,2026-08-04T23:25:07+0200
0d0ca15373ba288d,auto-ba3ec692f839,vidar_guard@544eeb3,vidar_guard,544eeb3,fjord,1,12,pass,ok,,27,140,46,59,529,1173,3781,2,0,0,0,9000,10000,n-62-29-10,29027833,2026-08-04T23:25:10+0200
c1e315f102f4a69e,auto-ba3ec692f839,vidar_guard@544eeb3,vidar_guard,544eeb3,hive,1,12,pass,ok,,27,137,45,66,785,1602,4567,2,0,0,0,9000,10000,n-62-29-10,29027833,2026-08-04T23:25:14+0200
e2053d6784772a02,auto-ba3ec692f839,vidar_guard@544eeb3,vidar_guard,544eeb3,jackpot,1,12,pass,ok,,27,142,38,55,460,933,2397,2,0,0,0,9000,10000,n-62-29-10,29027833,2026-08-04T23:25:17+0200
e046ca4daa438493,auto-ba3ec692f839,vidar_guard@544eeb3,vidar_guard,544eeb3,longship,1,12,pass,ok,,27,138,39,56,607,1349,2950,2,0,0,0,9000,10000,n-62-29-10,29027833,2026-08-04T23:25:20+0200
6c3fce44109a70a0,auto-ba3ec692f839,vidar_guard@544eeb3,vidar_guard,544eeb3,pinch,1,12,pass,ok,,27,145,46,66,608,1109,3349,17,0,0,0,9000,10000,n-62-29-10,29027833,2026-08-04T23:25:24+0200
222e510fbf6ab16e,auto-ba3ec692f839,vidar_guard@544eeb3,vidar_guard,544eeb3,quarry,1,12,pass,ok,,27,132,39,59,833,1517,4347,2,0,0,0,9000,10000,n-62-29-10,29027833,2026-08-04T23:25:27+0200
52711c161155ac13,auto-ba3ec692f839,vidar_guard@544eeb3,vidar_guard,544eeb3,runestone,1,12,pass,ok,,27,140,37,54,616,1334,4125,20,0,0,0,9000,10000,n-62-29-10,29027833,2026-08-04T23:25:31+0200
16b6495e5731ac37,auto-ba3ec692f839,vidar_guard@544eeb3,vidar_guard,544eeb3,showdown,1,12,pass,ok,,27,183,45,53,61,867,4104,3,0,0,0,9000,10000,n-62-29-10,29027833,2026-08-04T23:25:35+0200
02bcaafbd5feb375,auto-ba3ec692f839,vidar_guard@544eeb3,vidar_guard,544eeb3,skerry,1,12,pass,ok,,27,141,40,60,564,1258,4031,2,0,0,0,9000,10000,n-62-29-10,29027833,2026-08-04T23:25:38+0200
9f0b9b21f593b908,auto-ba3ec692f839,vidar_guard@544eeb3,vidar_guard,544eeb3,sprint,1,12,pass,ok,,27,167,39,58,72,769,2596,3,0,0,0,9000,10000,n-62-29-10,29027833,2026-08-04T23:25:42+0200
53d750f2625f7d3a,auto-ba3ec692f839,vidar_guard@544eeb3,vidar_guard,544eeb3,strait,1,12,pass,ok,,27,136,38,60,720,1427,2915,2,0,0,0,9000,10000,n-62-29-10,29027833,2026-08-04T23:25:45+0200
1f01e0383e07a30d,auto-ba3ec692f839,vidar_guard@544eeb3,vidar_guard,544eeb3,string,1,12,pass,ok,,27,159,33,56,85,637,1695,25,0,0,0,9000,10000,n-62-29-10,29027833,2026-08-04T23:25:49+0200
b09c4bbb119377ee,auto-ba3ec692f839,vidar_guard@544eeb3,vidar_guard,544eeb3,sweden,1,12,pass,ok,,27,136,38,57,622,1114,2251,24,0,0,0,9000,10000,n-62-29-10,29027833,2026-08-04T23:25:52+0200
622d2195f28c2e45,auto-ba3ec692f839,vidar_guard@544eeb3,vidar_guard,544eeb3,twins,1,12,pass,ok,,27,136,43,60,669,1340,2788,2,0,0,0,9000,10000,n-62-29-10,29027833,2026-08-04T23:25:56+0200
9f0dbe71dddf9e1b,auto-ba3ec692f839,vidar_guard@544eeb3,vidar_guard,544eeb3,vase,1,12,pass,ok,,27,155,38,55,112,738,2050,7,0,0,0,9000,10000,n-62-29-10,29027833,2026-08-04T23:25:59+0200
6ace692ddc04c8d1,auto-ba3ec692f839,vidar_guard@544eeb3,vidar_guard,544eeb3,vault,1,12,pass,ok,,27,137,40,56,657,1259,4377,2,0,0,0,9000,10000,n-62-29-10,29027833,2026-08-04T23:26:02+0200
d53bb4f7e809edde,auto-ba3ec692f839,vidar_noecon@544eeb3,vidar_noecon,544eeb3,atoll,1,12,pass,ok,,27,147,41,60,451,962,3451,2,0,0,0,9000,10000,n-62-29-10,29027833,2026-08-04T23:26:06+0200
23cdb76ce19fc4a8,auto-ba3ec692f839,vidar_noecon@544eeb3,vidar_noecon,544eeb3,aurora,1,12,pass,ok,,27,136,48,61,629,1610,4758,2,0,0,0,9000,10000,n-62-29-10,29027833,2026-08-04T23:26:10+0200
554d125911ac9deb,auto-ba3ec692f839,vidar_noecon@544eeb3,vidar_noecon,544eeb3,bridge,1,12,pass,ok,,27,140,25,38,401,641,2581,11,0,0,0,9000,10000,n-62-11-67,29027833,2026-08-04T23:25:16+0200
5c5383fc6ba11c77,auto-ba3ec692f839,vidar_noecon@544eeb3,vidar_noecon,544eeb3,crossfire,1,12,pass,ok,,27,159,23,40,89,738,4086,2,0,0,0,9000,10000,n-62-11-67,29027833,2026-08-04T23:25:20+0200
ca546770161b4e47,auto-ba3ec692f839,vidar_noecon@544eeb3,vidar_noecon,544eeb3,duel,1,12,pass,ok,,27,157,26,42,128,667,2645,2,0,0,0,9000,10000,n-62-11-67,29027833,2026-08-04T23:25:24+0200
763b473dcb09b099,auto-ba3ec692f839,vidar_noecon@544eeb3,vidar_noecon,544eeb3,fjord,1,12,pass,ok,,27,140,27,39,435,950,4318,2,0,0,0,9000,10000,n-62-11-67,29027833,2026-08-04T23:25:28+0200
27d61c7f8d47b0b9,auto-ba3ec692f839,vidar_noecon@544eeb3,vidar_noecon,544eeb3,hive,1,12,pass,ok,,27,137,26,40,593,1303,4600,2,0,0,0,9000,10000,n-62-11-67,29027833,2026-08-04T23:25:32+0200
d12b713fb782ca7b,auto-ba3ec692f839,vidar_noecon@544eeb3,vidar_noecon,544eeb3,jackpot,1,12,pass,ok,,27,142,25,38,328,752,4381,8,0,0,0,9000,10000,n-62-11-67,29027833,2026-08-04T23:25:35+0200
31ea843941392771,auto-ba3ec692f839,vidar_noecon@544eeb3,vidar_noecon,544eeb3,longship,1,12,pass,ok,,27,138,22,36,448,1125,4861,4,0,0,0,9000,10000,n-62-11-67,29027833,2026-08-04T23:25:39+0200
5ec789229489b77a,auto-ba3ec692f839,vidar_noecon@544eeb3,vidar_noecon,544eeb3,pinch,1,12,pass,ok,,27,145,27,42,474,887,3816,14,0,0,0,9000,10000,n-62-11-67,29027833,2026-08-04T23:25:43+0200
0d108d7d240ac772,auto-ba3ec692f839,vidar_noecon@544eeb3,vidar_noecon,544eeb3,quarry,1,12,pass,ok,,27,132,25,39,571,1266,6481,14,0,0,0,9000,10000,n-62-11-67,29027833,2026-08-04T23:25:46+0200
f9699c19e0c4ee77,auto-ba3ec692f839,vidar_noecon@544eeb3,vidar_noecon,544eeb3,runestone,1,12,pass,ok,,27,140,23,38,442,1111,3784,2,0,0,0,9000,10000,n-62-11-67,29027833,2026-08-04T23:25:50+0200
943204daa4733965,auto-ba3ec692f839,vidar_noecon@544eeb3,vidar_noecon,544eeb3,showdown,1,12,pass,ok,,27,183,26,40,52,604,8531,7,0,0,0,9000,10000,n-62-11-67,29027833,2026-08-04T23:25:55+0200
a16f2f900ddc7a84,auto-ba3ec692f839,vidar_noecon@544eeb3,vidar_noecon,544eeb3,skerry,1,12,pass,ok,,27,141,26,37,438,1063,5442,2,0,0,0,9000,10000,n-62-11-67,29027833,2026-08-04T23:25:58+0200
6c10eec42d53632b,auto-ba3ec692f839,vidar_noecon@544eeb3,vidar_noecon,544eeb3,sprint,1,12,pass,ok,,27,167,26,44,67,682,2518,3,0,0,0,9000,10000,n-62-11-67,29027833,2026-08-04T23:26:02+0200
f8a1e13a3ef13c21,auto-ba3ec692f839,vidar_noecon@544eeb3,vidar_noecon,544eeb3,strait,1,12,pass,ok,,27,136,26,39,536,1194,4822,14,0,0,0,9000,10000,n-62-11-67,29027833,2026-08-04T23:26:06+0200
a2a5f3cfc4511c26,auto-ba3ec692f839,vidar_noecon@544eeb3,vidar_noecon,544eeb3,string,1,12,pass,ok,,27,162,24,42,94,674,2675,14,0,0,0,9000,10000,n-62-11-67,29027833,2026-08-04T23:26:11+0200
50027c4155c840db,auto-ba3ec692f839,vidar_noecon@544eeb3,vidar_noecon,544eeb3,sweden,1,12,pass,ok,,27,136,25,39,456,961,2258,14,0,0,0,9000,10000,n-62-11-67,29027833,2026-08-04T23:26:14+0200
98acd9de656f49f2,auto-ba3ec692f839,vidar_noecon@544eeb3,vidar_noecon,544eeb3,twins,1,12,pass,ok,,27,136,27,39,516,1065,3174,8,0,0,0,9000,10000,n-62-11-67,29027833,2026-08-04T23:26:17+0200
1871ecf3205e0d5e,auto-ba3ec692f839,vidar_noecon@544eeb3,vidar_noecon,544eeb3,vase,1,12,pass,ok,,27,155,25,39,111,581,2065,2,0,0,0,9000,10000,n-62-11-67,29027833,2026-08-04T23:26:21+0200
8b3be33e1d62b544,auto-ba3ec692f839,vidar_noecon@544eeb3,vidar_noecon,544eeb3,vault,1,12,pass,ok,,27,137,26,37,448,1107,4757,7,0,0,0,9000,10000,n-62-11-67,29027833,2026-08-04T23:26:24+0200
4ad39f772f3036b9,auto-ba3ec692f839,vidar_siege@544eeb3,vidar_siege,544eeb3,atoll,1,12,pass,ok,,27,147,25,36,335,808,3652,2,0,0,0,9000,10000,n-62-11-67,29027833,2026-08-04T23:26:28+0200
a1d13d8ed02cb49d,auto-ba3ec692f839,vidar_siege@544eeb3,vidar_siege,544eeb3,aurora,1,12,pass,ok,,27,136,37,52,581,1525,4657,2,0,0,0,9000,10000,n-62-29-18,29027833,2026-08-04T23:25:37+0200
25b25eab19849805,auto-ba3ec692f839,vidar_siege@544eeb3,vidar_siege,544eeb3,bridge,1,12,pass,ok,,27,140,35,51,498,784,1875,19,0,0,0,9000,10000,n-62-29-18,29027833,2026-08-04T23:25:41+0200
5cc18b58db3a1ea5,auto-ba3ec692f839,vidar_siege@544eeb3,vidar_siege,544eeb3,crossfire,1,12,pass,ok,,27,159,33,51,72,865,3376,18,0,0,0,9000,10000,n-62-29-18,29027833,2026-08-04T23:25:44+0200
4f6562c5db3ba98f,auto-ba3ec692f839,vidar_siege@544eeb3,vidar_siege,544eeb3,duel,1,12,pass,ok,,27,157,37,53,75,832,2916,17,0,0,0,9000,10000,n-62-29-18,29027833,2026-08-04T23:25:48+0200
7c096713b7474d66,auto-ba3ec692f839,vidar_siege@544eeb3,vidar_siege,544eeb3,fjord,1,12,pass,ok,,27,140,36,51,496,1127,3691,2,0,0,0,9000,10000,n-62-29-18,29027833,2026-08-04T23:25:51+0200
d72816b3c0273e13,auto-ba3ec692f839,vidar_siege@544eeb3,vidar_siege,544eeb3,hive,1,12,pass,ok,,27,137,37,56,738,1539,4533,2,0,0,0,9000,10000,n-62-29-18,29027833,2026-08-04T23:25:54+0200
e00985d805b62d6f,auto-ba3ec692f839,vidar_siege@544eeb3,vidar_siege,544eeb3,jackpot,1,12,pass,ok,,27,142,34,49,469,895,2313,2,0,0,0,9000,10000,n-62-29-18,29027833,2026-08-04T23:25:58+0200
1508fa38086f1090,auto-ba3ec692f839,vidar_siege@544eeb3,vidar_siege,544eeb3,longship,1,12,pass,ok,,27,138,35,50,577,1307,2925,2,0,0,0,9000,10000,n-62-29-18,29027833,2026-08-04T23:26:00+0200
345dd07e19d4fb7d,auto-ba3ec692f839,vidar_siege@544eeb3,vidar_siege,544eeb3,pinch,1,12,pass,ok,,27,145,34,58,599,1056,3227,20,0,0,0,9000,10000,n-62-29-18,29027833,2026-08-04T23:26:04+0200
c330f29874f17d1b,auto-ba3ec692f839,vidar_siege@544eeb3,vidar_siege,544eeb3,quarry,1,12,pass,ok,,27,132,36,54,808,1493,4228,2,0,0,0,9000,10000,n-62-29-18,29027833,2026-08-04T23:26:07+0200
5bc8f1fe07b8f9e1,auto-ba3ec692f839,vidar_siege@544eeb3,vidar_siege,544eeb3,runestone,1,12,pass,ok,,27,140,35,44,579,1310,4114,20,0,0,0,9000,10000,n-62-29-18,29027833,2026-08-04T23:26:11+0200
677ea8fb5c5ee66a,auto-ba3ec692f839,vidar_siege@544eeb3,vidar_siege,544eeb3,showdown,1,12,pass,ok,,27,200,23,44,50,772,4066,10,0,0,0,9000,10000,n-62-29-18,29027833,2026-08-04T23:26:15+0200
d9f777697b53222f,auto-ba3ec692f839,vidar_siege@544eeb3,vidar_siege,544eeb3,skerry,1,12,pass,ok,,27,141,38,51,534,1196,3941,2,0,0,0,9000,10000,n-62-29-18,29027833,2026-08-04T23:26:18+0200
c8965c3a220532f4,auto-ba3ec692f839,vidar_siege@544eeb3,vidar_siege,544eeb3,sprint,1,12,pass,ok,,27,167,38,55,68,752,2520,13,0,0,0,9000,10000,n-62-29-18,29027833,2026-08-04T23:26:21+0200
6091305490096849,auto-ba3ec692f839,vidar_siege@544eeb3,vidar_siege,544eeb3,strait,1,12,pass,ok,,27,136,37,54,710,1379,2889,2,0,0,0,9000,10000,n-62-29-18,29027833,2026-08-04T23:26:24+0200
44f52664b1b4a9d5,auto-ba3ec692f839,vidar_siege@544eeb3,vidar_siege,544eeb3,string,1,12,pass,ok,,27,162,37,52,73,645,2958,13,0,0,0,9000,10000,n-62-29-18,29027833,2026-08-04T23:26:28+0200
633378a8f10b1421,auto-ba3ec692f839,vidar_siege@544eeb3,vidar_siege,544eeb3,sweden,1,12,pass,ok,,27,136,38,56,636,1113,2266,24,0,0,0,9000,10000,n-62-29-18,29027833,2026-08-04T23:26:31+0200
fbe00c773723037e,auto-ba3ec692f839,vidar_siege@544eeb3,vidar_siege,544eeb3,twins,1,12,pass,ok,,27,136,37,55,648,1302,2763,2,0,0,0,9000,10000,n-62-29-18,29027833,2026-08-04T23:26:34+0200
477e08214773331b,auto-ba3ec692f839,vidar_siege@544eeb3,vidar_siege,544eeb3,vase,1,12,pass,ok,,27,155,37,51,112,722,1919,7,0,0,0,9000,10000,n-62-29-18,29027833,2026-08-04T23:26:37+0200
b1894c4dcd5dc7cd,auto-ba3ec692f839,vidar_siege@544eeb3,vidar_siege,544eeb3,vault,1,12,pass,ok,,27,137,37,52,606,1222,4341,2,0,0,0,9000,10000,n-62-29-18,29027833,2026-08-04T23:26:40+0200
