map,ore_scope,objective,builders,safe_ores,initially_visible_safe_ores,conveyor_tiles,first_harvester_round,first_delivery_round,all_harvesters_round,all_first_delivery_round,titanium_mined_100,titanium_mined_250,titanium_mined_500,titanium_mined_1000,titanium_stored_100,titanium_stored_250,titanium_stored_500,titanium_stored_1000,total_builder_cost,total_harvester_cost,total_conveyor_cost,total_capex,resource_delay_rounds
atoll,all_safe,income,1,3,2,13,5,7,33,42,610,1720,3610,7360,1205,2695,5205,10205,30,77,48,155,0
atoll,all_safe,makespan,1,3,2,13,5,7,33,42,610,1720,3610,7360,1205,2695,5205,10205,30,77,48,155,0
atoll,all_safe,income,2,3,2,13,5,7,20,29,640,1760,3640,7390,1182,2682,5182,10182,66,90,52,208,0
atoll,all_safe,makespan,2,3,2,13,6,8,19,28,630,1760,3630,7380,1170,2680,5170,10170,66,92,52,210,0
atoll,all_safe,income,3,3,2,13,6,8,19,28,640,1780,3640,7390,1121,2641,5121,10121,108,103,58,269,0
atoll,all_safe,makespan,3,3,2,13,6,8,19,28,640,1780,3640,7390,1121,2641,5121,10121,108,103,58,269,0
atoll,all_safe,income,4,3,2,13,6,8,19,28,640,1780,3640,7390,1053,2573,5053,10053,156,115,66,337,0
atoll,all_safe,makespan,4,3,2,13,6,8,19,28,640,1780,3640,7390,1053,2573,5053,10053,156,115,66,337,0
atoll,initially_visible,income,1,3,2,4,5,7,12,14,460,1200,2460,4960,1119,2239,4119,7869,30,49,12,91,0
atoll,initially_visible,makespan,1,3,2,4,5,7,12,14,460,1200,2460,4960,1119,2239,4119,7869,30,49,12,91,0
atoll,initially_visible,income,2,3,2,4,5,7,6,8,470,1220,2470,4970,1081,2211,4081,7831,66,57,16,139,0
atoll,initially_visible,makespan,2,3,2,4,5,7,6,8,470,1220,2470,4970,1081,2211,4081,7831,66,57,16,139,0
atoll,initially_visible,income,3,3,2,4,5,7,6,8,470,1220,2470,4970,1031,2161,4031,7781,108,65,16,189,0
atoll,initially_visible,makespan,3,3,2,4,5,7,6,8,470,1220,2470,4970,1031,2161,4031,7781,108,65,16,189,0
atoll,initially_visible,income,4,3,2,4,5,7,6,8,470,1220,2470,4970,973,2103,3973,7723,156,73,18,247,0
atoll,initially_visible,makespan,4,3,2,4,5,7,6,8,470,1220,2470,4970,973,2103,3973,7723,156,73,18,247,0
aurora,all_safe,income,1,7,2,65,7,10,185,202,680,2900,7300,16050,1120,3469,8489,18489,30,224,307,561,0
aurora,all_safe,makespan,1,7,2,65,7,10,185,202,680,2900,7300,16050,1120,3469,8489,18489,30,224,307,561,0
aurora,all_safe,income,2,7,2,65,7,10,89,103,860,3500,7860,16610,941,3961,8941,18941,66,259,344,669,0
aurora,all_safe,makespan,2,7,2,65,7,10,87,102,880,3480,7880,16630,967,3947,8967,18967,66,258,339,663,0
aurora,all_safe,income,3,7,2,65,7,10,57,72,1060,3680,8060,16810,1039,4039,9039,19039,108,292,371,771,0
aurora,all_safe,makespan,3,7,2,65,8,11,57,71,1070,3680,8070,16820,1045,4035,9045,19045,108,295,372,775,0
aurora,all_safe,income,4,7,2,65,7,10,48,57,1130,3750,8130,16880,989,3989,8989,18989,156,332,403,891,10
aurora,all_safe,makespan,4,7,2,65,7,10,48,57,1120,3750,8120,16870,980,3990,8980,18980,156,332,402,890,10
aurora,initially_visible,income,1,7,2,6,7,10,17,20,430,1180,2430,4930,1082,2212,4082,7832,30,50,18,98,0
aurora,initially_visible,makespan,1,7,2,6,7,10,17,20,430,1180,2430,4930,1082,2212,4082,7832,30,50,18,98,0
aurora,initially_visible,income,2,7,2,6,7,10,8,11,460,1200,2460,4960,1061,2181,4061,7811,66,59,24,149,0
aurora,initially_visible,makespan,2,7,2,6,7,10,8,11,460,1200,2460,4960,1061,2181,4061,7811,66,59,24,149,0
aurora,initially_visible,income,3,7,2,6,7,10,8,11,460,1200,2460,4960,1011,2131,4011,7761,108,67,24,199,0
aurora,initially_visible,makespan,3,7,2,6,7,10,8,11,460,1200,2460,4960,1011,2131,4011,7761,108,67,24,199,0
aurora,initially_visible,income,4,7,2,6,7,10,8,11,460,1200,2460,4960,951,2071,3951,7701,156,75,28,259,0
aurora,initially_visible,makespan,4,7,2,6,7,10,8,11,460,1200,2460,4960,951,2071,3951,7701,156,75,28,259,0
crossfire,all_safe,income,1,2,2,4,5,7,12,14,460,1200,2460,4960,1119,2239,4119,7869,30,49,12,91,0
crossfire,all_safe,makespan,1,2,2,4,5,7,12,14,460,1200,2460,4960,1119,2239,4119,7869,30,49,12,91,0
crossfire,all_safe,income,2,2,2,4,5,7,6,8,470,1220,2470,4970,1081,2211,4081,7831,66,57,16,139,0
crossfire,all_safe,makespan,2,2,2,4,5,7,6,8,470,1220,2470,4970,1081,2211,4081,7831,66,57,16,139,0
crossfire,all_safe,income,3,2,2,4,5,7,6,8,470,1220,2470,4970,1031,2161,4031,7781,108,65,16,189,0
crossfire,all_safe,makespan,3,2,2,4,5,7,6,8,470,1220,2470,4970,1031,2161,4031,7781,108,65,16,189,0
crossfire,all_safe,income,4,2,2,4,5,7,6,8,470,1220,2470,4970,973,2103,3973,7723,156,73,18,247,0
crossfire,all_safe,makespan,4,2,2,4,5,7,6,8,470,1220,2470,4970,973,2103,3973,7723,156,73,18,247,0
crossfire,initially_visible,income,1,2,2,4,5,7,12,14,460,1200,2460,4960,1119,2239,4119,7869,30,49,12,91,0
crossfire,initially_visible,makespan,1,2,2,4,5,7,12,14,460,1200,2460,4960,1119,2239,4119,7869,30,49,12,91,0
crossfire,initially_visible,income,2,2,2,4,5,7,6,8,470,1220,2470,4970,1081,2211,4081,7831,66,57,16,139,0
crossfire,initially_visible,makespan,2,2,2,4,5,7,6,8,470,1220,2470,4970,1081,2211,4081,7831,66,57,16,139,0
crossfire,initially_visible,income,3,2,2,4,5,7,6,8,470,1220,2470,4970,1031,2161,4031,7781,108,65,16,189,0
crossfire,initially_visible,makespan,3,2,2,4,5,7,6,8,470,1220,2470,4970,1031,2161,4031,7781,108,65,16,189,0
crossfire,initially_visible,income,4,2,2,4,5,7,6,8,470,1220,2470,4970,973,2103,3973,7723,156,73,18,247,0
crossfire,initially_visible,makespan,4,2,2,4,5,7,6,8,470,1220,2470,4970,973,2103,3973,7723,156,73,18,247,0
duel,all_safe,income,1,2,2,3,3,4,9,11,470,1220,2470,4970,1132,2262,4132,7882,30,49,9,88,0
duel,all_safe,makespan,1,2,2,3,3,4,9,11,470,1220,2470,4970,1132,2262,4132,7882,30,49,9,88,0
duel,all_safe,income,2,2,2,3,4,5,5,7,480,1230,2480,4980,1095,2225,4095,7845,66,57,12,135,0
duel,all_safe,makespan,2,2,2,3,4,5,5,7,480,1230,2480,4980,1095,2225,4095,7845,66,57,12,135,0
duel,all_safe,income,3,2,2,3,4,5,5,7,480,1230,2480,4980,1045,2175,4045,7795,108,65,12,185,0
duel,all_safe,makespan,3,2,2,3,4,5,5,7,480,1230,2480,4980,1045,2175,4045,7795,108,65,12,185,0
duel,all_safe,income,4,2,2,3,4,5,5,7,480,1230,2480,4980,988,2118,3988,7738,156,73,13,242,0
duel,all_safe,makespan,4,2,2,3,4,5,5,7,480,1230,2480,4980,988,2118,3988,7738,156,73,13,242,0
duel,initially_visible,income,1,2,2,3,3,4,9,11,470,1220,2470,4970,1132,2262,4132,7882,30,49,9,88,0
duel,initially_visible,makespan,1,2,2,3,3,4,9,11,470,1220,2470,4970,1132,2262,4132,7882,30,49,9,88,0
duel,initially_visible,income,2,2,2,3,4,5,5,7,480,1230,2480,4980,1095,2225,4095,7845,66,57,12,135,0
duel,initially_visible,makespan,2,2,2,3,4,5,5,7,480,1230,2480,4980,1095,2225,4095,7845,66,57,12,135,0
duel,initially_visible,income,3,2,2,3,4,5,5,7,480,1230,2480,4980,1045,2175,4045,7795,108,65,12,185,0
duel,initially_visible,makespan,3,2,2,3,4,5,5,7,480,1230,2480,4980,1045,2175,4045,7795,108,65,12,185,0
duel,initially_visible,income,4,2,2,3,4,5,5,7,480,1230,2480,4980,988,2118,3988,7738,156,73,13,242,0
duel,initially_visible,makespan,4,2,2,3,4,5,5,7,480,1230,2480,4980,988,2118,3988,7738,156,73,13,242,0
fjord,all_safe,income,1,6,3,45,3,4,126,141,820,2960,6720,14220,1271,3688,8068,16818,30,178,194,402,0
fjord,all_safe,makespan,1,6,3,45,3,4,126,141,820,2960,6720,14220,1271,3688,8068,16818,30,178,194,402,0
fjord,all_safe,income,2,6,3,45,3,4,68,81,990,3260,6990,14490,1246,3896,8246,16996,66,205,223,494,0
fjord,all_safe,makespan,2,6,3,45,4,5,64,77,980,3250,6980,14480,1241,3891,8241,16991,66,206,217,489,0
fjord,all_safe,income,3,6,3,45,3,4,36,50,1100,3370,7100,14600,1264,3914,8264,17014,108,235,243,586,0
fjord,all_safe,makespan,3,6,3,45,3,4,36,48,1090,3360,7090,14590,1254,3904,8254,17004,108,235,243,586,0
fjord,all_safe,income,4,6,3,45,3,4,33,48,1120,3380,7120,14620,1190,3830,8190,16940,156,260,264,680,0
fjord,all_safe,makespan,4,6,3,45,4,5,34,46,1120,3370,7120,14620,1190,3820,8190,16940,156,260,264,680,0
fjord,initially_visible,income,1,6,3,5,3,4,16,18,680,1800,3680,7430,1308,2808,5308,10308,30,76,16,122,0
fjord,initially_visible,makespan,1,6,3,5,3,4,16,18,680,1800,3680,7430,1308,2808,5308,10308,30,76,16,122,0
fjord,initially_visible,income,2,6,3,5,3,4,9,11,700,1830,3700,7450,1276,2786,5276,10276,66,88,20,174,0
fjord,initially_visible,makespan,2,6,3,5,3,4,9,11,700,1830,3700,7450,1276,2786,5276,10276,66,88,20,174,0
fjord,initially_visible,income,3,6,3,5,5,6,6,8,710,1830,3710,7460,1230,2730,5230,10230,108,102,20,230,0
fjord,initially_visible,makespan,3,6,3,5,5,6,6,8,710,1830,3710,7460,1230,2730,5230,10230,108,102,20,230,0
fjord,initially_visible,income,4,6,3,5,5,6,6,8,710,1830,3710,7460,1167,2667,5167,10167,156,114,23,293,0
fjord,initially_visible,makespan,4,6,3,5,5,6,6,8,710,1830,3710,7460,1167,2667,5167,10167,156,114,23,293,0
hive,all_safe,income,1,4,1,28,7,10,79,88,530,2030,4530,9530,1035,2915,6035,12285,30,112,103,245,0
hive,all_safe,makespan,1,4,1,28,7,10,79,88,530,2030,4530,9530,1035,2915,6035,12285,30,112,103,245,0
hive,all_safe,income,2,4,1,28,8,11,42,50,710,2200,4710,9710,1141,3011,6141,12391,66,130,123,319,0
hive,all_safe,makespan,2,4,1,28,8,11,42,50,710,2200,4710,9710,1141,3011,6141,12391,66,130,123,319,0
hive,all_safe,income,3,4,1,28,7,10,27,35,770,2250,4770,9770,1128,2988,6128,12378,108,149,135,392,0
hive,all_safe,makespan,3,4,1,28,7,10,27,35,770,2250,4770,9770,1128,2988,6128,12378,108,149,135,392,0
hive,all_safe,income,4,4,1,28,8,11,20,28,780,2280,4780,9780,1056,2936,6056,12306,156,167,151,474,0
hive,all_safe,makespan,4,4,1,28,8,11,20,28,780,2280,4780,9780,1056,2936,6056,12306,156,167,151,474,0
hive,initially_visible,income,1,4,1,3,7,10,7,10,230,600,1230,2480,917,1667,2917,5417,30,24,9,63,0
hive,initially_visible,makespan,1,4,1,3,7,10,7,10,230,600,1230,2480,917,1667,2917,5417,30,24,9,63,0
hive,initially_visible,income,2,4,1,3,7,10,7,10,230,600,1230,2480,874,1624,2874,5374,66,28,12,106,0
hive,initially_visible,makespan,2,4,1,3,7,10,7,10,230,600,1230,2480,874,1624,2874,5374,66,28,12,106,0
hive,initially_visible,income,3,4,1,3,7,10,7,10,230,600,1230,2480,828,1578,2828,5328,108,32,12,152,0
hive,initially_visible,makespan,3,4,1,3,7,10,7,10,230,600,1230,2480,828,1578,2828,5328,108,32,12,152,0
hive,initially_visible,income,4,4,1,3,7,10,7,10,230,600,1230,2480,774,1524,2774,5274,156,36,14,206,0
hive,initially_visible,makespan,4,4,1,3,7,10,7,10,230,600,1230,2480,774,1524,2774,5274,156,36,14,206,0
longship,all_safe,income,1,8,2,56,7,10,165,176,740,3400,8420,18420,1182,3984,9624,20874,30,258,258,546,0
longship,all_safe,makespan,1,8,2,56,7,10,165,176,740,3400,8420,18420,1182,3984,9624,20874,30,258,258,546,0
longship,all_safe,income,2,8,2,56,7,10,80,91,1110,4090,9110,19110,1215,4575,10215,21465,66,296,283,645,0
longship,all_safe,makespan,2,8,2,56,8,11,79,90,1050,4050,9050,19050,1150,4530,10150,21400,66,298,286,650,0
longship,all_safe,income,3,8,2,56,7,10,52,63,1320,4290,9320,19320,1318,4668,10318,21568,108,334,310,752,0
longship,all_safe,makespan,3,8,2,56,8,11,51,62,1310,4290,9310,19310,1306,4666,10306,21556,108,335,311,754,0
longship,all_safe,income,4,8,2,56,9,12,40,49,1410,4420,9410,19410,1293,4683,10293,21543,156,370,341,867,1
longship,all_safe,makespan,4,8,2,56,9,12,40,49,1410,4420,9410,19410,1293,4683,10293,21543,156,370,341,867,1
longship,initially_visible,income,1,8,2,6,7,10,17,20,430,1180,2430,4930,1082,2212,4082,7832,30,50,18,98,0
longship,initially_visible,makespan,1,8,2,6,7,10,17,20,430,1180,2430,4930,1082,2212,4082,7832,30,50,18,98,0
longship,initially_visible,income,2,8,2,6,7,10,8,11,460,1200,2460,4960,1061,2181,4061,7811,66,59,24,149,0
longship,initially_visible,makespan,2,8,2,6,7,10,8,11,460,1200,2460,4960,1061,2181,4061,7811,66,59,24,149,0
longship,initially_visible,income,3,8,2,6,7,10,8,11,460,1200,2460,4960,1011,2131,4011,7761,108,67,24,199,0
longship,initially_visible,makespan,3,8,2,6,7,10,8,11,460,1200,2460,4960,1011,2131,4011,7761,108,67,24,199,0
longship,initially_visible,income,4,8,2,6,7,10,8,11,460,1200,2460,4960,951,2071,3951,7701,156,75,28,259,0
longship,initially_visible,makespan,4,8,2,6,7,10,8,11,460,1200,2460,4960,951,2071,3951,7701,156,75,28,259,0
pinch,all_safe,income,1,5,3,33,7,10,92,104,650,2510,5640,11890,1097,3337,7087,14587,30,143,130,303,0
pinch,all_safe,makespan,1,5,3,33,7,10,92,104,650,2510,5640,11890,1097,3337,7087,14587,30,143,130,303,0
pinch,all_safe,income,2,5,3,33,7,10,44,54,870,2740,5870,12120,1239,3489,7239,14739,66,167,148,381,0
pinch,all_safe,makespan,2,5,3,33,8,11,45,53,860,2740,5860,12110,1229,3489,7229,14729,66,167,148,381,0
pinch,all_safe,income,3,5,3,33,7,10,32,39,940,2810,5940,12190,1228,3478,7228,14728,108,190,164,462,0
pinch,all_safe,makespan,3,5,3,33,8,11,31,37,930,2810,5930,12180,1218,3478,7218,14718,108,193,161,462,0
pinch,all_safe,income,4,5,3,33,7,10,26,38,970,2830,5970,12220,1170,3410,7170,14670,156,213,181,550,0
pinch,all_safe,makespan,4,5,3,33,8,11,26,37,970,2840,5970,12220,1170,3420,7170,14670,156,213,181,550,0
pinch,initially_visible,income,1,5,3,14,7,10,39,45,560,1680,3560,7310,1154,2654,5154,10154,30,78,48,156,0
pinch,initially_visible,makespan,1,5,3,14,7,10,39,45,560,1680,3560,7310,1154,2654,5154,10154,30,78,48,156,0
pinch,initially_visible,income,2,5,3,14,7,10,21,26,620,1740,3620,7370,1156,2656,5156,10156,66,92,56,214,0
pinch,initially_visible,makespan,2,5,3,14,7,10,21,26,620,1740,3620,7370,1156,2656,5156,10156,66,92,56,214,0
pinch,initially_visible,income,3,5,3,14,8,11,13,19,650,1760,3650,7400,1124,2614,5124,10124,108,105,63,276,0
pinch,initially_visible,makespan,3,5,3,14,8,11,13,19,650,1760,3650,7400,1124,2614,5124,10124,108,105,63,276,0
pinch,initially_visible,income,4,5,3,14,8,11,13,19,650,1760,3650,7400,1059,2549,5059,10059,156,117,68,341,0
pinch,initially_visible,makespan,4,5,3,14,8,11,13,19,650,1760,3650,7400,1059,2549,5059,10059,156,117,68,341,0
quarry,all_safe,income,1,8,4,83,11,16,242,257,560,2710,7700,17700,1024,3121,8731,19981,30,276,413,719,0
quarry,all_safe,makespan,1,8,4,83,11,16,242,257,560,2710,7700,17700,1024,3121,8731,19981,30,276,413,719,0
quarry,all_safe,income,2,8,4,83,11,16,115,130,820,3680,8680,18680,920,3968,9588,20838,66,316,460,842,0
quarry,all_safe,makespan,2,8,4,83,11,16,115,130,820,3680,8680,18680,920,3968,9588,20838,66,316,460,842,0
quarry,all_safe,income,3,8,4,83,11,16,76,91,980,3990,8980,18980,765,4155,9765,21015,108,356,501,965,0
quarry,all_safe,makespan,3,8,4,83,12,17,74,89,980,3990,8980,18980,763,4153,9763,21013,108,358,501,967,0
quarry,all_safe,income,4,8,4,83,13,19,63,78,1130,4120,9130,19130,787,4157,9787,21037,156,396,541,1093,17
quarry,all_safe,makespan,4,8,4,83,13,19,63,78,1130,4120,9130,19130,787,4157,9787,21037,156,396,541,1093,17
quarry,initially_visible,income,1,8,4,24,11,16,69,76,560,2060,4560,9560,1081,2961,6081,12331,30,112,87,229,0
quarry,initially_visible,makespan,1,8,4,24,11,16,69,76,560,2060,4560,9560,1081,2961,6081,12331,30,112,87,229,0
quarry,initially_visible,income,2,8,4,24,11,16,33,39,730,2230,4730,9730,1181,3061,6181,12431,66,130,103,299,0
quarry,initially_visible,makespan,2,8,4,24,11,16,33,39,730,2230,4730,9730,1181,3061,6181,12431,66,130,103,299,0
quarry,initially_visible,income,3,8,4,24,11,16,29,35,770,2280,4770,9770,1153,3043,6153,12403,108,146,113,367,0
quarry,initially_visible,makespan,3,8,4,24,11,16,29,35,770,2280,4770,9770,1153,3043,6153,12403,108,146,113,367,0
quarry,initially_visible,income,4,8,4,24,12,17,16,22,810,2310,4810,9810,1116,2996,6116,12366,156,166,122,444,0
quarry,initially_visible,makespan,4,8,4,24,12,17,16,22,810,2310,4810,9810,1116,2996,6116,12366,156,166,122,444,0
runestone,all_safe,income,1,8,2,64,9,13,189,200,620,3140,8130,18130,1071,3677,9287,20537,30,264,299,593,0
runestone,all_safe,makespan,1,8,2,64,9,13,189,200,620,3140,8130,18130,1071,3677,9287,20537,30,264,299,593,0
runestone,all_safe,income,2,8,2,64,9,13,90,101,950,3950,8950,18950,1005,4385,10005,21255,66,302,327,695,0
runestone,all_safe,makespan,2,8,2,64,9,13,90,101,950,3950,8950,18950,1005,4385,10005,21255,66,302,327,695,0
runestone,all_safe,income,3,8,2,64,9,13,58,69,1200,4200,9200,19200,1137,4517,10137,21387,108,341,364,813,0
runestone,all_safe,makespan,3,8,2,64,10,14,58,68,1180,4180,9180,19180,1116,4496,10116,21366,108,341,365,814,0
runestone,all_safe,income,4,8,2,64,11,15,48,58,1320,4310,9320,19320,1139,4509,10139,21389,156,379,396,931,4
runestone,all_safe,makespan,4,8,2,64,11,15,48,58,1320,4310,9320,19320,1139,4509,10139,21389,156,379,396,931,4
runestone,initially_visible,income,1,8,2,8,9,13,22,26,410,1160,2410,4910,1056,2186,4056,7806,30,50,24,104,0
runestone,initially_visible,makespan,1,8,2,8,9,13,22,26,410,1160,2410,4910,1056,2186,4056,7806,30,50,24,104,0
runestone,initially_visible,income,2,8,2,8,9,13,10,14,440,1190,2440,4940,1033,2163,4033,7783,66,59,32,157,0
runestone,initially_visible,makespan,2,8,2,8,9,13,10,14,440,1190,2440,4940,1033,2163,4033,7783,66,59,32,157,0
runestone,initially_visible,income,3,8,2,8,9,13,10,14,440,1190,2440,4940,982,2112,3982,7732,108,67,33,208,0
runestone,initially_visible,makespan,3,8,2,8,9,13,10,14,440,1190,2440,4940,982,2112,3982,7732,108,67,33,208,0
runestone,initially_visible,income,4,8,2,8,9,13,10,14,440,1190,2440,4940,921,2051,3921,7671,156,75,38,269,0
runestone,initially_visible,makespan,4,8,2,8,9,13,10,14,440,1190,2440,4940,921,2051,3921,7671,156,75,38,269,0
skerry,all_safe,income,1,5,3,26,3,4,72,83,850,2730,5850,12100,1331,3591,7331,14831,30,139,100,269,0
skerry,all_safe,makespan,1,5,3,26,3,4,72,83,850,2730,5850,12100,1331,3591,7331,14831,30,139,100,269,0
skerry,all_safe,income,2,5,3,26,3,4,33,42,990,2860,5990,12240,1395,3645,7395,14895,66,161,118,345,0
skerry,all_safe,makespan,2,5,3,26,3,4,33,42,990,2860,5990,12240,1395,3645,7395,14895,66,161,118,345,0
skerry,all_safe,income,3,5,3,26,3,4,27,36,1010,2900,6010,12260,1340,3610,7340,14840,108,183,129,420,0
skerry,all_safe,makespan,3,5,3,26,4,5,24,34,1020,2900,6020,12270,1350,3610,7350,14850,108,185,127,420,0
skerry,all_safe,income,4,5,3,26,3,4,24,35,1040,2910,6040,12290,1289,3539,7289,14789,156,204,141,501,0
skerry,all_safe,makespan,4,5,3,26,4,5,23,34,1030,2910,6030,12280,1279,3539,7279,14779,156,206,139,501,0
skerry,initially_visible,income,1,5,3,6,3,4,18,21,670,1800,3670,7420,1294,2804,5294,10294,30,76,20,126,0
skerry,initially_visible,makespan,1,5,3,6,3,4,18,21,670,1800,3670,7420,1294,2804,5294,10294,30,76,20,126,0
skerry,initially_visible,income,2,5,3,6,3,4,9,11,700,1820,3700,7450,1271,2771,5271,10271,66,89,24,179,0
skerry,initially_visible,makespan,2,5,3,6,3,4,9,11,700,1820,3700,7450,1271,2771,5271,10271,66,89,24,179,0
skerry,initially_visible,income,3,5,3,6,4,5,7,10,700,1830,3700,7450,1215,2725,5215,10215,108,101,26,235,0
skerry,initially_visible,makespan,3,5,3,6,4,5,7,10,700,1830,3700,7450,1215,2725,5215,10215,108,101,26,235,0
skerry,initially_visible,income,4,5,3,6,4,5,7,10,700,1830,3700,7450,1153,2663,5153,10153,156,113,28,297,0
skerry,initially_visible,makespan,4,5,3,6,4,5,7,10,700,1830,3700,7450,1153,2663,5153,10153,156,113,28,297,0
sprint,all_safe,income,1,3,3,9,7,10,27,30,610,1730,3610,7360,1223,2723,5223,10223,30,77,30,137,0
sprint,all_safe,makespan,1,3,3,9,7,10,27,30,610,1730,3610,7360,1223,2723,5223,10223,30,77,30,137,0
sprint,all_safe,income,2,3,3,9,7,10,17,20,660,1780,3660,7410,1218,2718,5218,10218,66,90,36,192,0
sprint,all_safe,makespan,2,3,3,9,7,10,17,20,660,1780,3660,7410,1218,2718,5218,10218,66,90,36,192,0
sprint,all_safe,income,3,3,3,9,7,10,9,12,680,1800,3680,7430,1182,2682,5182,10182,108,102,38,248,0
sprint,all_safe,makespan,3,3,3,9,7,10,9,12,680,1800,3680,7430,1182,2682,5182,10182,108,102,38,248,0
sprint,all_safe,income,4,3,3,9,7,10,9,12,680,1800,3680,7430,1117,2617,5117,10117,156,114,43,313,0
sprint,all_safe,makespan,4,3,3,9,7,10,9,12,680,1800,3680,7430,1117,2617,5117,10117,156,114,43,313,0
sprint,initially_visible,income,1,3,3,9,7,10,27,30,610,1730,3610,7360,1223,2723,5223,10223,30,77,30,137,0
sprint,initially_visible,makespan,1,3,3,9,7,10,27,30,610,1730,3610,7360,1223,2723,5223,10223,30,77,30,137,0
sprint,initially_visible,income,2,3,3,9,7,10,17,20,660,1780,3660,7410,1218,2718,5218,10218,66,90,36,192,0
sprint,initially_visible,makespan,2,3,3,9,7,10,17,20,660,1780,3660,7410,1218,2718,5218,10218,66,90,36,192,0
sprint,initially_visible,income,3,3,3,9,7,10,9,12,680,1800,3680,7430,1182,2682,5182,10182,108,102,38,248,0
sprint,initially_visible,makespan,3,3,3,9,7,10,9,12,680,1800,3680,7430,1182,2682,5182,10182,108,102,38,248,0
sprint,initially_visible,income,4,3,3,9,7,10,9,12,680,1800,3680,7430,1117,2617,5117,10117,156,114,43,313,0
sprint,initially_visible,makespan,4,3,3,9,7,10,9,12,680,1800,3680,7430,1117,2617,5117,10117,156,114,43,313,0
strait,all_safe,income,1,6,2,55,7,10,154,171,650,2680,6440,13940,1114,3354,7734,16484,30,184,242,456,0
strait,all_safe,makespan,1,6,2,55,7,10,154,171,650,2680,6440,13940,1114,3354,7734,16484,30,184,242,456,0
strait,all_safe,income,2,6,2,55,7,10,76,90,860,3080,6860,14360,1057,3657,8057,16807,66,214,273,553,0
strait,all_safe,makespan,2,6,2,55,8,11,72,89,820,3080,6820,14320,1015,3655,8015,16765,66,216,273,555,0
strait,all_safe,income,3,6,2,55,7,10,46,62,990,3220,6990,14490,1089,3699,8089,16839,108,244,299,651,0
strait,all_safe,makespan,3,6,2,55,7,10,46,62,990,3220,6990,14490,1089,3699,8089,16839,108,244,299,651,0
strait,all_safe,income,4,6,2,55,7,10,40,54,1030,3270,7030,14530,1019,3639,8019,16769,156,272,333,761,0
strait,all_safe,makespan,4,6,2,55,8,11,37,52,1020,3270,7020,14520,1011,3641,8011,16761,156,274,329,759,0
strait,initially_visible,income,1,6,2,6,7,10,17,20,430,1180,2430,4930,1082,2212,4082,7832,30,50,18,98,0
strait,initially_visible,makespan,1,6,2,6,7,10,17,20,430,1180,2430,4930,1082,2212,4082,7832,30,50,18,98,0
strait,initially_visible,income,2,6,2,6,7,10,8,11,460,1200,2460,4960,1061,2181,4061,7811,66,59,24,149,0
strait,initially_visible,makespan,2,6,2,6,7,10,8,11,460,1200,2460,4960,1061,2181,4061,7811,66,59,24,149,0
strait,initially_visible,income,3,6,2,6,7,10,8,11,460,1200,2460,4960,1011,2131,4011,7761,108,67,24,199,0
strait,initially_visible,makespan,3,6,2,6,7,10,8,11,460,1200,2460,4960,1011,2131,4011,7761,108,67,24,199,0
strait,initially_visible,income,4,6,2,6,7,10,8,11,460,1200,2460,4960,951,2071,3951,7701,156,75,28,259,0
strait,initially_visible,makespan,4,6,2,6,7,10,8,11,460,1200,2460,4960,951,2071,3951,7701,156,75,28,259,0
twins,all_safe,income,1,6,3,55,7,10,153,171,690,2730,6480,13980,1149,3404,7774,16524,30,184,242,456,0
twins,all_safe,makespan,1,6,3,55,7,10,153,171,690,2730,6480,13980,1149,3404,7774,16524,30,184,242,456,0
twins,all_safe,income,2,6,3,55,7,10,77,93,870,3120,6870,14370,1066,3696,8066,16816,66,213,275,554,0
twins,all_safe,makespan,2,6,3,55,7,10,70,88,840,3100,6840,14340,1036,3676,8036,16786,66,215,273,554,0
twins,all_safe,income,3,6,3,55,7,10,48,65,1000,3250,7000,14500,1102,3732,8102,16852,108,241,299,648,0
twins,all_safe,makespan,3,6,3,55,7,10,47,59,980,3220,6980,14480,1078,3698,8078,16828,108,244,300,652,0
twins,all_safe,income,4,6,3,55,7,10,39,57,1030,3280,7030,14530,1019,3649,8019,16769,156,272,333,761,0
twins,all_safe,makespan,4,6,3,55,8,11,37,55,1020,3270,7020,14520,1010,3640,8010,16760,156,274,330,760,0
twins,initially_visible,income,1,6,3,10,7,10,29,33,600,1730,3600,7350,1208,2718,5208,10208,30,78,34,142,0
twins,initially_visible,makespan,1,6,3,10,7,10,29,33,600,1730,3600,7350,1208,2718,5208,10208,30,78,34,142,0
twins,initially_visible,income,2,6,3,10,7,10,17,20,650,1770,3650,7400,1203,2703,5203,10203,66,91,40,197,0
twins,initially_visible,makespan,2,6,3,10,7,10,17,20,650,1770,3650,7400,1203,2703,5203,10203,66,91,40,197,0
twins,initially_visible,income,3,6,3,10,8,11,9,13,670,1800,3670,7420,1164,2674,5164,10164,108,105,43,256,0
twins,initially_visible,makespan,3,6,3,10,8,11,9,13,670,1800,3670,7420,1164,2674,5164,10164,108,105,43,256,0
twins,initially_visible,income,4,6,3,10,8,11,9,13,670,1800,3670,7420,1099,2609,5099,10099,156,117,48,321,0
twins,initially_visible,makespan,4,6,3,10,8,11,9,13,670,1800,3670,7420,1099,2609,5099,10099,156,117,48,321,0
vault,all_safe,income,1,4,2,34,5,7,91,106,560,2040,4550,9550,1035,2895,6025,12275,30,111,134,275,0
vault,all_safe,makespan,1,4,2,34,5,7,91,106,560,2040,4550,9550,1035,2895,6025,12275,30,111,134,275,0
vault,all_safe,income,2,4,2,34,5,7,39,54,710,2210,4710,9710,1111,2991,6111,12361,66,130,153,349,0
vault,all_safe,makespan,2,4,2,34,5,7,39,54,710,2210,4710,9710,1111,2991,6111,12361,66,130,153,349,0
vault,all_safe,income,3,4,2,34,5,7,33,48,730,2220,4730,9730,1054,2924,6054,12304,108,149,169,426,0
vault,all_safe,makespan,3,4,2,34,7,9,32,47,720,2220,4720,9720,1045,2925,6045,12295,108,150,167,425,0
vault,all_safe,income,4,4,2,34,7,9,32,47,740,2230,4740,9740,978,2848,5978,12228,156,166,190,512,0
vault,all_safe,makespan,4,4,2,34,7,9,32,47,740,2230,4740,9740,978,2848,5978,12228,156,166,190,512,0
vault,initially_visible,income,1,4,2,4,5,7,12,14,460,1200,2460,4960,1119,2239,4119,7869,30,49,12,91,0
vault,initially_visible,makespan,1,4,2,4,5,7,12,14,460,1200,2460,4960,1119,2239,4119,7869,30,49,12,91,0
vault,initially_visible,income,2,4,2,4,5,7,6,8,470,1220,2470,4970,1081,2211,4081,7831,66,57,16,139,0
vault,initially_visible,makespan,2,4,2,4,5,7,6,8,470,1220,2470,4970,1081,2211,4081,7831,66,57,16,139,0
vault,initially_visible,income,3,4,2,4,5,7,6,8,470,1220,2470,4970,1031,2161,4031,7781,108,65,16,189,0
vault,initially_visible,makespan,3,4,2,4,5,7,6,8,470,1220,2470,4970,1031,2161,4031,7781,108,65,16,189,0
vault,initially_visible,income,4,4,2,4,5,7,6,8,470,1220,2470,4970,973,2103,3973,7723,156,73,18,247,0
vault,initially_visible,makespan,4,4,2,4,5,7,6,8,470,1220,2470,4970,973,2103,3973,7723,156,73,18,247,0
