bot_id,bot_name,bot_commit,status,matches_planned,matches_completed,matches_reported,samples,min_turn_us,p25_turn_us,p50_turn_us,p75_turn_us,max_turn_us,timeouts,bot_exceptions,close_threshold_us,limit_us
attack_wave_v1@9713344,attack_wave_v1,9713344,pass,21,21,21,3528,29,100,124,174,1863,0,0,9000,10000
autistimusprime@ecd4d24,autistimusprime,ecd4d24,pass,21,21,21,4211,11,48,65,713,3335,0,0,9000,10000
baiter@9713344,baiter,9713344,pass,21,21,21,3000,10,27,564,1050,3940,0,0,9000,10000
casemate@902be71,casemate,902be71,pass,21,21,21,3298,12,500,1573,2252,6665,0,0,9000,10000
casemate_oracle@902be71,casemate_oracle,902be71,exceeded,21,21,21,2970,5,24,2604,6681,>12000,110,0,9000,10000
claude_challenger_1@fdc1e1f,claude_challenger_1,fdc1e1f,exceeded,21,21,21,2727,323,877,1024,3280,>12000,329,0,9000,10000
claude_challenger_2@fdc1e1f,claude_challenger_2,fdc1e1f,exceeded,21,21,21,2855,319,835,1020,1730,>12000,308,0,9000,10000
claude_challenger_3@fdc1e1f,claude_challenger_3,fdc1e1f,exceeded,21,21,21,2574,319,830,1006,4593,>12000,311,14,9000,10000
e9cand@9e77076,e9cand,9e77076,pass,21,21,21,4492,7,34,207,290,6598,0,0,9000,10000
e_condc@6db8844,e_condc,6db8844,pass,21,21,21,3193,7,174,224,310,5874,0,0,9000,10000
e_final@9e77076,e_final,9e77076,pass,21,21,21,4501,5,29,197,275,3789,0,0,9000,10000
e_harc@6db8844,e_harc,6db8844,pass,21,21,21,3992,7,50,244,377,6658,0,0,9000,10000
e_post2@4a95297,e_post2,4a95297,pass,21,21,21,4492,12,55,478,718,5150,0,0,9000,10000
e_t4l7@9e77076,e_t4l7,9e77076,pass,21,21,21,3507,27,603,771,930,3307,0,0,9000,10000
frontier_v1@9713344,frontier_v1,9713344,pass,21,21,21,5066,19,118,153,170,2500,0,0,9000,10000
frontier_v2@9713344,frontier_v2,9713344,pass,21,21,21,4028,18,104,122,157,2413,0,0,9000,10000
jonbot@9713344,jonbot,9713344,exceeded,21,21,21,3416,10,29,460,828,>12000,75,0,9000,10000
jonbot@da3fd8a,jonbot,da3fd8a,exceeded,21,21,20,2690,12,133,520,735,>12000,85,1,9000,10000
jonbot_190003d@da3fd8a,jonbot_190003d,da3fd8a,exceeded,21,21,21,3373,11,28,410,705,>12000,47,0,9000,10000
lockin@9713344,lockin,9713344,exceeded,21,21,21,2194,520,1230,1450,8483,>12000,560,0,9000,10000
mistral@ba943b9,mistral,ba943b9,exceeded,21,21,20,1904,11,44,1188,>12000,>12000,778,4,9000,10000
mistral_fast@26b5aa1,mistral_fast,26b5aa1,pass,21,21,21,2974,12,36,984,2108,3315,0,0,9000,10000
nemesis@9713344,nemesis,9713344,pass,21,21,21,4327,20,461,811,1482,5051,0,0,9000,10000
opponent_luc@e83a42c,opponent_luc,e83a42c,exceeded,21,21,21,2479,451,1029,1222,2013,>12000,423,0,9000,10000
reaver@9713344,reaver,9713344,pass,21,21,21,2806,11,76,570,1150,3135,0,0,9000,10000
riptide@9713344,riptide,9713344,pass,21,21,21,3012,11,32,496,1026,2877,0,0,9000,10000
siege_v1@9713344,siege_v1,9713344,pass,21,21,21,3528,44,78,96,129,1533,0,0,9000,10000
siege_v2@9713344,siege_v2,9713344,pass,21,21,21,3528,44,89,102,163,1266,0,0,9000,10000
tempest@da3fd8a,tempest,da3fd8a,exceeded,21,21,20,2235,11,35,623,4845,>12000,524,3,9000,10000
tempest_blindfire@fdc1e1f,tempest_blindfire,fdc1e1f,pass,21,21,21,2992,10,34,604,1555,3685,0,0,9000,10000
tempest_fast@eb1f0f3,tempest_fast,eb1f0f3,pass,21,21,21,2992,10,35,566,1456,3377,0,0,9000,10000
tempest_ferry@26b5aa1,tempest_ferry,26b5aa1,pass,21,21,21,3208,11,35,477,1268,3525,0,0,9000,10000
tempest_frontier@fdc1e1f,tempest_frontier,fdc1e1f,pass,21,21,21,2992,12,36,639,1468,3266,0,0,9000,10000
tempest_oracle_ferry@fdc1e1f,tempest_oracle_ferry,fdc1e1f,pass,21,21,21,3351,11,41,596,2232,4977,0,0,9000,10000
tempest_outer@fdc1e1f,tempest_outer,fdc1e1f,pass,21,21,21,2984,13,44,757,1696,6340,0,0,9000,10000
tempest_picket@fdc1e1f,tempest_picket,fdc1e1f,pass,21,21,21,2992,13,42,770,1690,4099,0,0,9000,10000
tempest_reinforcements@025dd51,tempest_reinforcements,025dd51,pass,21,21,21,4657,13,44,590,1415,3998,0,0,9000,10000
tempest_reinforcements@51ad530,tempest_reinforcements,51ad530,exceeded,21,21,21,4556,14,52,595,1781,>12000,93,0,9000,10000
tempest_reinforcements@87724ec,tempest_reinforcements,87724ec,exceeded,21,21,20,2367,14,114,2778,>12000,>12000,1313,6,9000,10000
tempest_reinforcements@e1dc316,tempest_reinforcements,e1dc316,exceeded,21,21,21,4611,12,42,552,1425,>12000,40,0,9000,10000
tempest_reinforcements@edf93ad,tempest_reinforcements,edf93ad,exceeded,21,21,21,4619,6,27,283,989,>12000,30,0,9000,10000
tempest_sentinel@fdc1e1f,tempest_sentinel,fdc1e1f,pass,21,21,21,3100,15,31,437,1298,5301,0,0,9000,10000
titanium_v1@9713344,titanium_v1,9713344,pass,21,21,21,2625,13,60,66,90,685,0,0,9000,10000
turtle@9713344,turtle,9713344,pass,21,21,21,2625,9,256,380,787,3472,0,0,9000,10000
undertow@9713344,undertow,9713344,pass,21,21,21,3334,7,79,822,1412,7244,0,0,9000,10000
undertow@da3fd8a,undertow,da3fd8a,pass,21,21,21,3422,5,34,746,1377,6060,0,0,9000,10000
undertow@fdc1e1f,undertow,fdc1e1f,pass,21,21,21,3422,5,37,759,1366,4982,0,0,9000,10000
undertow_1ac7ac4@da3fd8a,undertow_1ac7ac4,da3fd8a,pass,21,21,21,3422,5,33,771,1369,4892,0,0,9000,10000
undertow_oracle@75591b7,undertow_oracle,75591b7,pass,21,21,21,3377,5,28,642,1408,6849,0,0,9000,10000
undertow_oracle@fdc1e1f,undertow_oracle,fdc1e1f,pass,21,21,21,3377,5,42,899,1841,7732,0,0,9000,10000
uw_v1@9713344,uw_v1,9713344,pass,21,21,21,2625,23,430,617,1081,2316,0,0,9000,10000
uw_v2@9713344,uw_v2,9713344,pass,21,21,21,3378,12,88,772,1467,5783,0,0,9000,10000
v233_a@9713344,v233_a,9713344,pass,21,21,21,3029,7,29,409,965,3587,0,0,9000,10000
v233_b@9713344,v233_b,9713344,pass,21,21,21,3103,5,24,350,971,4272,0,0,9000,10000
v233_c@9713344,v233_c,9713344,pass,21,21,21,3103,5,23,325,985,3671,0,0,9000,10000
v233_d@9713344,v233_d,9713344,pass,21,21,21,3126,5,21,322,976,3606,0,0,9000,10000
v233_e@9713344,v233_e,9713344,pass,21,21,21,3399,5,17,424,1183,4081,0,0,9000,10000
v233_f@9713344,v233_f,9713344,pass,21,21,21,3185,6,34,754,1611,5257,0,0,9000,10000
v233_g@9713344,v233_g,9713344,pass,21,21,21,3505,12,34,687,1521,5361,0,0,9000,10000
v233_i@902be71,v233_i,902be71,pass,21,21,21,4203,12,33,267,1449,8764,0,0,9000,10000
vanguard@818f3b4,vanguard,818f3b4,close,21,21,21,3912,11,33,532,1589,9558,0,0,9000,10000
vanguard@9932bec,vanguard,9932bec,exceeded,21,21,21,3939,12,34,513,1565,10078,0,0,9000,10000
vanguard@c407e79,vanguard,c407e79,close,21,21,21,3991,12,33,470,1475,9544,0,0,9000,10000
vanguard@da3fd8a,vanguard,da3fd8a,pass,21,21,21,3785,14,32,550,1401,5185,0,0,9000,10000
vanguard_oracle@75591b7,vanguard_oracle,75591b7,close,21,21,21,4728,10,31,52,1484,9613,0,0,9000,10000
vanguard_oracle@902be71,vanguard_oracle,902be71,close,21,21,21,4618,11,30,51,1479,9505,0,0,9000,10000
vanguard_oracle@fdc1e1f,vanguard_oracle,fdc1e1f,close,21,21,21,4765,11,28,47,1447,9607,0,0,9000,10000
vg_v1@9713344,vg_v1,9713344,pass,21,21,21,3115,11,21,521,1164,2376,0,0,9000,10000
vg_v2@9713344,vg_v2,9713344,pass,21,21,21,3000,11,26,546,1158,3582,0,0,9000,10000
vg_v3@9713344,vg_v3,9713344,pass,21,21,21,3000,10,32,565,1080,3631,0,0,9000,10000
vg_v4@9713344,vg_v4,9713344,pass,21,21,21,3000,5,43,528,1011,3679,0,0,9000,10000
vg_v5@9713344,vg_v5,9713344,pass,21,21,21,3064,5,30,358,900,7432,0,0,9000,10000
vg_v6@9713344,vg_v6,9713344,pass,21,21,21,3064,5,18,278,665,2587,0,0,9000,10000
vg_v7@9713344,vg_v7,9713344,pass,21,21,21,3064,4,17,266,642,2321,0,0,9000,10000
